Student_number,file_1_mark,file_2_mark,file_3_mark,Feedback,Percentage score,Mark contribution 
"m65577ha
",1,1,1,"Correct score for file 1
Correct score for file 2
Correct score for file 3
",100,5
"p49263ca
",0,0,0,"No file output or incorrect output format for test file 1
No file output or incorrect output format for test file 2
No file output or incorrect output format for test file 3
",0,0
"w25478ia
",1,1,1,"Correct score for file 1
Correct score for file 2
Correct score for file 3
",100,5
"j48751oa
",0,0,0,"No file output or incorrect output format for test file 1
No file output or incorrect output format for test file 2
No file output or incorrect output format for test file 3
",0,0
"h26115aa
",0,0,0,"No file output or incorrect output format for test file 1
No file output or incorrect output format for test file 2
No file output or incorrect output format for test file 3
",0,0
"p91607ma
",0,0,0,"Incorrect score for file 1
Incorrect score for file 2
Incorrect score for file 3
",0,0
"p06411ua
",0,0,0,"No file output or incorrect output format for test file 1
No file output or incorrect output format for test file 2
No file output or incorrect output format for test file 3
",0,0
"m55182va
",1,1,0,"Correct score for file 1
Correct score for file 2
No file output or incorrect output format for test file 3
",66.66666667,3.333333333
"h64203za
",1,1,1,"Correct score for file 1
Correct score for file 2
Correct score for file 3
",100,5
"t50885aa
",1,1,1,"Correct score for file 1
Correct score for file 2
Correct score for file 3
",100,5
"b91517ea
",1,1,1,"Correct score for file 1
Correct score for file 2
Correct score for file 3
",100,5
"y59276ma
",0,0,0,"No file output or incorrect output format for test file 1
No file output or incorrect output format for test file 2
No file output or incorrect output format for test file 3
",0,0
"p55643na
",1,1,0,"Correct score for file 1
Correct score for file 2
No file output or incorrect output format for test file 3
",66.66666667,3.333333333
"j29815fa
",1,1,1,"Correct score for file 1
Correct score for file 2
Correct score for file 3
",100,5
"p80249ra
",0,0,0,"No file output or incorrect output format for test file 1
No file output or incorrect output format for test file 2
No file output or incorrect output format for test file 3
",0,0
"s55264aa
",1,1,1,"Correct score for file 1
Correct score for file 2
Correct score for file 3
",100,5
"p17540oa
",1,1,1,"Correct score for file 1
Correct score for file 2
Correct score for file 3
",100,5
"r88993ia
",1,0,0,"Correct score for file 1
No file output or incorrect output format for test file 2
No file output or incorrect output format for test file 3
",33.33333333,1.666666667
"m65670fa
",0,0,0,"No file output or incorrect output format for test file 1
No file output or incorrect output format for test file 2
No file output or incorrect output format for test file 3
",0,0
"j09180ga
",1,1,1,"Correct score for file 1
Correct score for file 2
Correct score for file 3
",100,5
"d03211aa
",1,0,0,"Correct score for file 1
No file output or incorrect output format for test file 2
No file output or incorrect output format for test file 3
",33.33333333,1.666666667
"f63279ma
",1,1,1,"Correct score for file 1
Correct score for file 2
Correct score for file 3
",100,5
"j14088na
",0,0,0,"No file output or incorrect output format for test file 1
No file output or incorrect output format for test file 2
No file output or incorrect output format for test file 3
",0,0
"h70565na
",0,0,0,"No file output or incorrect output format for test file 1
No file output or incorrect output format for test file 2
No file output or incorrect output format for test file 3
",0,0
"y69004la
",1,1,1,"Correct score for file 1
Correct score for file 2
Correct score for file 3
",100,5
"y59426ra
",1,1,1,"Correct score for file 1
Correct score for file 2
Correct score for file 3
",100,5
"p93899aa
",1,0,0,"Correct score for file 1
No file output or incorrect output format for test file 2
No file output or incorrect output format for test file 3
",33.33333333,1.666666667
"s03884aa
",0,0,0,"No file output or incorrect output format for test file 1
No file output or incorrect output format for test file 2
No file output or incorrect output format for test file 3
",0,0
"b48871sa
",0,0,0,"No file output or incorrect output format for test file 1
No file output or incorrect output format for test file 2
No file output or incorrect output format for test file 3
",0,0
"m01964ua
",0,0,0,"No file output or incorrect output format for test file 1
No file output or incorrect output format for test file 2
No file output or incorrect output format for test file 3
",0,0
"e37076ka
",1,1,0,"Correct score for file 1
Correct score for file 2
No file output or incorrect output format for test file 3
",66.66666667,3.333333333
"r50263ma
",1,1,1,"Correct score for file 1
Correct score for file 2
Correct score for file 3
",100,5
"f54617sa
",1,0,0,"Correct score for file 1
No file output or incorrect output format for test file 2
No file output or incorrect output format for test file 3
",33.33333333,1.666666667
"s58860aa
",1,1,1,"Correct score for file 1
Correct score for file 2
Correct score for file 3
",100,5
"c81776oa
",1,1,1,"Correct score for file 1
Correct score for file 2
Correct score for file 3
",100,5
"x74657fa
",0,0,0,"No file output or incorrect output format for test file 1
No file output or incorrect output format for test file 2
No file output or incorrect output format for test file 3
",0,0
"p01679ma
",0,0,0,"No file output or incorrect output format for test file 1
No file output or incorrect output format for test file 2
No file output or incorrect output format for test file 3
",0,0
"e17646fa
",1,1,1,"Correct score for file 1
Correct score for file 2
Correct score for file 3
",100,5
"f01643ka
",1,0,0,"Correct score for file 1
Incorrect score for file 2
Incorrect score for file 3
",33.33333333,1.666666667
"v80015aa
",1,1,1,"Correct score for file 1
Correct score for file 2
Correct score for file 3
",100,5
"s09672ba
",0,0,0,"No file output or incorrect output format for test file 1
No file output or incorrect output format for test file 2
No file output or incorrect output format for test file 3
",0,0
"w65214ka
",1,0,0,"Correct score for file 1
No file output or incorrect output format for test file 2
No file output or incorrect output format for test file 3
",33.33333333,1.666666667
"m46198sa
",0,0,0,"No file output or incorrect output format for test file 1
No file output or incorrect output format for test file 2
No file output or incorrect output format for test file 3
",0,0
"q26752aa
",0,0,0,"No file output or incorrect output format for test file 1
No file output or incorrect output format for test file 2
No file output or incorrect output format for test file 3
",0,0
"n79777aa
",1,1,0,"Correct score for file 1
Correct score for file 2
No file output or incorrect output format for test file 3
",66.66666667,3.333333333
"s50548ma
",0,0,0,"Incorrect score for file 1
Incorrect score for file 2
Incorrect score for file 3
",0,0
"s68250ma
",1,1,1,"Correct score for file 1
Correct score for file 2
Correct score for file 3
",100,5
"m57983ma
",0,0,0,"No file output or incorrect output format for test file 1
No file output or incorrect output format for test file 2
No file output or incorrect output format for test file 3
",0,0
"p15748aa
",1,0,0,"Correct score for file 1
No file output or incorrect output format for test file 2
No file output or incorrect output format for test file 3
",33.33333333,1.666666667
"a08872aa
",1,0,0,"Correct score for file 1
No file output or incorrect output format for test file 2
No file output or incorrect output format for test file 3
",33.33333333,1.666666667
"u95206ma
",1,1,1,"Correct score for file 1
Correct score for file 2
Correct score for file 3
",100,5
"g78896na
",1,1,1,"Correct score for file 1
Correct score for file 2
Correct score for file 3
",100,5
"e55646sa
",1,0,0,"Correct score for file 1
No file output or incorrect output format for test file 2
No file output or incorrect output format for test file 3
",33.33333333,1.666666667
"j49970fa
",1,0,0,"Correct score for file 1
No file output or incorrect output format for test file 2
No file output or incorrect output format for test file 3
",33.33333333,1.666666667
"s74996sa
",0,0,0,"No file output or incorrect output format for test file 1
No file output or incorrect output format for test file 2
No file output or incorrect output format for test file 3
",0,0
"h20233aa
",0,0,0,"No file output or incorrect output format for test file 1
No file output or incorrect output format for test file 2
No file output or incorrect output format for test file 3
",0,0
"m17832wa
",1,1,1,"Correct score for file 1
Correct score for file 2
Correct score for file 3
",100,5
"r22997aa
",0,0,0,"Incorrect score for file 1
Incorrect score for file 2
Incorrect score for file 3
",0,0
"b69141na
",0,0,0,"Incorrect score for file 1
Incorrect score for file 2
Incorrect score for file 3
",0,0
"y96758ma
",1,0,0,"Correct score for file 1
No file output or incorrect output format for test file 2
No file output or incorrect output format for test file 3
",33.33333333,1.666666667
"y78202oa
",1,1,1,"Correct score for file 1
Correct score for file 2
Correct score for file 3
",100,5
"q05506bb
",0,0,0,"No file output or incorrect output format for test file 1
No file output or incorrect output format for test file 2
No file output or incorrect output format for test file 3
",0,0
"w73862jb
",1,0,0,"Correct score for file 1
No file output or incorrect output format for test file 2
No file output or incorrect output format for test file 3
",33.33333333,1.666666667
"a43986rb
",0,0,0,"No file output or incorrect output format for test file 1
No file output or incorrect output format for test file 2
No file output or incorrect output format for test file 3
",0,0
"f05815rb
",0,0,0,"No file output or incorrect output format for test file 1
No file output or incorrect output format for test file 2
No file output or incorrect output format for test file 3
",0,0
"j16919mb
",1,0,0,"Correct score for file 1
No file output or incorrect output format for test file 2
No file output or incorrect output format for test file 3
",33.33333333,1.666666667
"z39535rb
",1,1,1,"Correct score for file 1
Correct score for file 2
Correct score for file 3
",100,5
"z89079mb
",1,0,0,"Correct score for file 1
No file output or incorrect output format for test file 2
No file output or incorrect output format for test file 3
",33.33333333,1.666666667
"w75724sb
",0,0,0,"No file output or incorrect output format for test file 1
No file output or incorrect output format for test file 2
No file output or incorrect output format for test file 3
",0,0
"v36373bb
",1,1,1,"Correct score for file 1
Correct score for file 2
Correct score for file 3
",100,5
"v31903mb
",1,1,1,"Correct score for file 1
Correct score for file 2
Correct score for file 3
",100,5
"r89835eb
",1,0,0,"Correct score for file 1
No file output or incorrect output format for test file 2
No file output or incorrect output format for test file 3
",33.33333333,1.666666667
"n61655sb
",1,0,0,"Correct score for file 1
No file output or incorrect output format for test file 2
No file output or incorrect output format for test file 3
",33.33333333,1.666666667
"q86352bb
",1,1,1,"Correct score for file 1
Correct score for file 2
Correct score for file 3
",100,5
"e78508hb
",1,1,1,"Correct score for file 1
Correct score for file 2
Correct score for file 3
",100,5
"u89014ab
",0,0,0,"No file output or incorrect output format for test file 1
No file output or incorrect output format for test file 2
No file output or incorrect output format for test file 3
",0,0
"s29576tb
",0,0,0,"No file output or incorrect output format for test file 1
No file output or incorrect output format for test file 2
No file output or incorrect output format for test file 3
",0,0
"h19953mb
",0,0,0,"No file output or incorrect output format for test file 1
No file output or incorrect output format for test file 2
No file output or incorrect output format for test file 3
",0,0
"f25035sb
",0,0,0,"No file output or incorrect output format for test file 1
No file output or incorrect output format for test file 2
No file output or incorrect output format for test file 3
",0,0
"s63644vb
",1,1,1,"Correct score for file 1
Correct score for file 2
Correct score for file 3
",100,5
"q53226rb
",0,0,0,"Incorrect score for file 1
Incorrect score for file 2
Incorrect score for file 3
",0,0
"g21434rb
",1,1,1,"Correct score for file 1
Correct score for file 2
Correct score for file 3
",100,5
"p44797jb
",1,0,0,"Correct score for file 1
No file output or incorrect output format for test file 2
No file output or incorrect output format for test file 3
",33.33333333,1.666666667
"b64065ab
",1,0,0,"Correct score for file 1
Incorrect score for file 2
Incorrect score for file 3
",33.33333333,1.666666667
"j90095jb
",0,0,0,"No file output or incorrect output format for test file 1
No file output or incorrect output format for test file 2
No file output or incorrect output format for test file 3
",0,0
"f92301jb
",1,1,1,"Correct score for file 1
Correct score for file 2
Correct score for file 3
",100,5
"p80873ab
",0,0,0,"No file output or incorrect output format for test file 1
No file output or incorrect output format for test file 2
No file output or incorrect output format for test file 3
",0,0
"h08963ob
",1,0,0,"Correct score for file 1
No file output or incorrect output format for test file 2
No file output or incorrect output format for test file 3
",33.33333333,1.666666667
"c20818hb
",0,0,0,"No file output or incorrect output format for test file 1
No file output or incorrect output format for test file 2
No file output or incorrect output format for test file 3
",0,0
"v41567lb
",1,1,0,"Correct score for file 1
Correct score for file 2
No file output or incorrect output format for test file 3
",66.66666667,3.333333333
"k78886jb
",0,0,0,"No file output or incorrect output format for test file 1
No file output or incorrect output format for test file 2
No file output or incorrect output format for test file 3
",0,0
"c28644ab
",1,1,1,"Correct score for file 1
Correct score for file 2
Correct score for file 3
",100,5
"h00203pb
",1,1,1,"Correct score for file 1
Correct score for file 2
Correct score for file 3
",100,5
"j96409sb
",1,0,0,"Correct score for file 1
Incorrect score for file 2
Incorrect score for file 3
",33.33333333,1.666666667
"m18453ab
",1,0,0,"Correct score for file 1
No file output or incorrect output format for test file 2
No file output or incorrect output format for test file 3
",33.33333333,1.666666667
"y77372db
",1,1,1,"Correct score for file 1
Correct score for file 2
Correct score for file 3
",100,5
"a11694mc
",0,0,0,"No file output or incorrect output format for test file 1
No file output or incorrect output format for test file 2
No file output or incorrect output format for test file 3
",0,0
"h15879ac
",0,0,0,"No file output or incorrect output format for test file 1
No file output or incorrect output format for test file 2
No file output or incorrect output format for test file 3
",0,0
"r56325cc
",0,0,0,"No file output or incorrect output format for test file 1
No file output or incorrect output format for test file 2
No file output or incorrect output format for test file 3
",0,0
"y36340hc
",1,1,1,"Correct score for file 1
Correct score for file 2
Correct score for file 3
",100,5
"q57044nc
",0,0,0,"Incorrect score for file 1
Incorrect score for file 2
Incorrect score for file 3
",0,0
"h54023kc
",1,0,0,"Correct score for file 1
No file output or incorrect output format for test file 2
No file output or incorrect output format for test file 3
",33.33333333,1.666666667
"j06724tc
",0,0,0,"Incorrect score for file 1
No file output or incorrect output format for test file 2
No file output or incorrect output format for test file 3
",0,0
"v14799cc
",1,1,1,"Correct score for file 1
Correct score for file 2
Correct score for file 3
",100,5
"u60770mc
",0,0,0,"No file output or incorrect output format for test file 1
No file output or incorrect output format for test file 2
No file output or incorrect output format for test file 3
",0,0
"g71830mc
",0,0,0,"No file output or incorrect output format for test file 1
No file output or incorrect output format for test file 2
No file output or incorrect output format for test file 3
",0,0
"z16075sc
",1,1,1,"Correct score for file 1
Correct score for file 2
Correct score for file 3
",100,5
"v65391yc
",1,1,1,"Correct score for file 1
Correct score for file 2
Correct score for file 3
",100,5
"a65914zc
",1,1,1,"Correct score for file 1
Correct score for file 2
Correct score for file 3
",100,5
"n25359ec
",1,0,0,"Correct score for file 1
No file output or incorrect output format for test file 2
No file output or incorrect output format for test file 3
",33.33333333,1.666666667
"r83187jc
",1,0,0,"Correct score for file 1
No file output or incorrect output format for test file 2
No file output or incorrect output format for test file 3
",33.33333333,1.666666667
"g86908rc
",0,0,0,"No file output or incorrect output format for test file 1
No file output or incorrect output format for test file 2
No file output or incorrect output format for test file 3
",0,0
"b95211hc
",0,0,0,"No file output or incorrect output format for test file 1
No file output or incorrect output format for test file 2
No file output or incorrect output format for test file 3
",0,0
"p50391tc
",0,0,0,"No file output or incorrect output format for test file 1
No file output or incorrect output format for test file 2
No file output or incorrect output format for test file 3
",0,0
"q18662ac
",1,0,0,"Correct score for file 1
No file output or incorrect output format for test file 2
No file output or incorrect output format for test file 3
",33.33333333,1.666666667
"a07230cc
",1,1,1,"Correct score for file 1
Correct score for file 2
Correct score for file 3
",100,5
"e11226oc
",1,0,0,"Correct score for file 1
Incorrect score for file 2
Incorrect score for file 3
",33.33333333,1.666666667
"h06023jc
",1,1,1,"Correct score for file 1
Correct score for file 2
Correct score for file 3
",100,5
"s13506jc
",1,1,1,"Correct score for file 1
Correct score for file 2
Correct score for file 3
",100,5
"h89565jc
",1,1,1,"Correct score for file 1
Correct score for file 2
Correct score for file 3
",100,5
"x43615kc
",1,0,0,"Correct score for file 1
No file output or incorrect output format for test file 2
No file output or incorrect output format for test file 3
",33.33333333,1.666666667
"w21706bc
",1,1,0,"Correct score for file 1
Correct score for file 2
No file output or incorrect output format for test file 3
",66.66666667,3.333333333
"r25329lc
",1,1,1,"Correct score for file 1
Correct score for file 2
Correct score for file 3
",100,5
"c42786tc
",0,0,0,"No file output or incorrect output format for test file 1
No file output or incorrect output format for test file 2
No file output or incorrect output format for test file 3
",0,0
"d50341jc
",1,1,1,"Correct score for file 1
Correct score for file 2
Correct score for file 3
",100,5
"p50792sd
",0,0,0,"No file output or incorrect output format for test file 1
No file output or incorrect output format for test file 2
No file output or incorrect output format for test file 3
",0,0
"g45512id
",1,1,0,"Correct score for file 1
Correct score for file 2
No file output or incorrect output format for test file 3
",66.66666667,3.333333333
"w48678cd
",1,0,0,"Correct score for file 1
No file output or incorrect output format for test file 2
No file output or incorrect output format for test file 3
",33.33333333,1.666666667
"c87452cd
",0,0,0,"No file output or incorrect output format for test file 1
No file output or incorrect output format for test file 2
No file output or incorrect output format for test file 3
",0,0
"x33731ed
",1,1,1,"Correct score for file 1
Correct score for file 2
Correct score for file 3
",100,5
"b12745nd
",1,1,1,"Correct score for file 1
Correct score for file 2
Correct score for file 3
",100,5
"e86816fd
",0,0,0,"No file output or incorrect output format for test file 1
No file output or incorrect output format for test file 2
No file output or incorrect output format for test file 3
",0,0
"m59511md
",0,0,0,"No file output or incorrect output format for test file 1
No file output or incorrect output format for test file 2
No file output or incorrect output format for test file 3
",0,0
"q78608sd
",0,0,0,"No file output or incorrect output format for test file 1
No file output or incorrect output format for test file 2
No file output or incorrect output format for test file 3
",0,0
"b39141od
",1,0,0,"Correct score for file 1
No file output or incorrect output format for test file 2
No file output or incorrect output format for test file 3
",33.33333333,1.666666667
"k14454hd
",1,0,0,"Correct score for file 1
No file output or incorrect output format for test file 2
No file output or incorrect output format for test file 3
",33.33333333,1.666666667
"n62189sd
",1,0,0,"Correct score for file 1
No file output or incorrect output format for test file 2
No file output or incorrect output format for test file 3
",33.33333333,1.666666667
"p49111md
",1,1,1,"Correct score for file 1
Correct score for file 2
Correct score for file 3
",100,5
"j86153jd
",1,1,0,"Correct score for file 1
Correct score for file 2
No file output or incorrect output format for test file 3
",66.66666667,3.333333333
"j08328hd
",1,0,0,"Correct score for file 1
Incorrect score for file 2
No file output or incorrect output format for test file 3
",33.33333333,1.666666667
"h10505jd
",1,0,0,"Correct score for file 1
No file output or incorrect output format for test file 2
No file output or incorrect output format for test file 3
",33.33333333,1.666666667
"f06903rd
",1,0,0,"Correct score for file 1
No file output or incorrect output format for test file 2
No file output or incorrect output format for test file 3
",33.33333333,1.666666667
"k88166nd
",0,0,0,"No file output or incorrect output format for test file 1
No file output or incorrect output format for test file 2
No file output or incorrect output format for test file 3
",0,0
"j23676kd
",1,0,0,"Correct score for file 1
No file output or incorrect output format for test file 2
No file output or incorrect output format for test file 3
",33.33333333,1.666666667
"h59035dd
",1,0,0,"Correct score for file 1
No file output or incorrect output format for test file 2
No file output or incorrect output format for test file 3
",33.33333333,1.666666667
"d62825cd
",0,0,0,"No file output or incorrect output format for test file 1
No file output or incorrect output format for test file 2
No file output or incorrect output format for test file 3
",0,0
"y70582kd
",1,1,1,"Correct score for file 1
Correct score for file 2
Correct score for file 3
",100,5
"k74082yd
",1,1,1,"Correct score for file 1
Correct score for file 2
Correct score for file 3
",100,5
"d72499pd
",1,1,1,"Correct score for file 1
Correct score for file 2
Correct score for file 3
",100,5
"j14769hd
",1,0,0,"Correct score for file 1
No file output or incorrect output format for test file 2
No file output or incorrect output format for test file 3
",33.33333333,1.666666667
"a63140nd
",0,0,0,"No file output or incorrect output format for test file 1
No file output or incorrect output format for test file 2
No file output or incorrect output format for test file 3
",0,0
"p56273gd
",1,1,1,"Correct score for file 1
Correct score for file 2
Correct score for file 3
",100,5
"u25144jd
",0,0,0,"No file output or incorrect output format for test file 1
No file output or incorrect output format for test file 2
No file output or incorrect output format for test file 3
",0,0
"r77503bd
",0,0,0,"No file output or incorrect output format for test file 1
No file output or incorrect output format for test file 2
No file output or incorrect output format for test file 3
",0,0
"h49151gd
",1,0,0,"Correct score for file 1
Incorrect score for file 2
Incorrect score for file 3
",33.33333333,1.666666667
"p72470id
",0,0,0,"No file output or incorrect output format for test file 1
No file output or incorrect output format for test file 2
No file output or incorrect output format for test file 3
",0,0
"t56091yd
",0,0,0,"No file output or incorrect output format for test file 1
No file output or incorrect output format for test file 2
No file output or incorrect output format for test file 3
",0,0
"x63917cd
",1,0,0,"Correct score for file 1
No file output or incorrect output format for test file 2
No file output or incorrect output format for test file 3
",33.33333333,1.666666667
"v78643ld
",1,1,1,"Correct score for file 1
Correct score for file 2
Correct score for file 3
",100,5
"k40092ae
",1,0,0,"Correct score for file 1
No file output or incorrect output format for test file 2
No file output or incorrect output format for test file 3
",33.33333333,1.666666667
"w60078be
",1,0,0,"Correct score for file 1
No file output or incorrect output format for test file 2
No file output or incorrect output format for test file 3
",33.33333333,1.666666667
"u18436re
",0,0,0,"No file output or incorrect output format for test file 1
No file output or incorrect output format for test file 2
No file output or incorrect output format for test file 3
",0,0
"n38595ae
",0,0,0,"No file output or incorrect output format for test file 1
No file output or incorrect output format for test file 2
No file output or incorrect output format for test file 3
",0,0
"x43881he
",1,0,0,"Correct score for file 1
No file output or incorrect output format for test file 2
No file output or incorrect output format for test file 3
",33.33333333,1.666666667
"n95835ce
",0,0,0,"No file output or incorrect output format for test file 1
No file output or incorrect output format for test file 2
No file output or incorrect output format for test file 3
",0,0
"v78159ee
",1,1,1,"Correct score for file 1
Correct score for file 2
Correct score for file 3
",100,5
"q78216ae
",1,1,1,"Correct score for file 1
Correct score for file 2
Correct score for file 3
",100,5
"d52553je
",1,0,0,"Correct score for file 1
No file output or incorrect output format for test file 2
No file output or incorrect output format for test file 3
",33.33333333,1.666666667
"u68780be
",0,0,0,"Incorrect score for file 1
No file output or incorrect output format for test file 2
No file output or incorrect output format for test file 3
",0,0
"j98415kf
",0,0,0,"No file output or incorrect output format for test file 1
No file output or incorrect output format for test file 2
No file output or incorrect output format for test file 3
",0,0
"u61944rf
",0,0,0,"No file output or incorrect output format for test file 1
No file output or incorrect output format for test file 2
No file output or incorrect output format for test file 3
",0,0
"j95271zf
",1,1,1,"Correct score for file 1
Correct score for file 2
Correct score for file 3
",100,5
"s11642lf
",1,1,1,"Correct score for file 1
Correct score for file 2
Correct score for file 3
",100,5
"u35610df
",1,1,0,"Correct score for file 1
Correct score for file 2
No file output or incorrect output format for test file 3
",66.66666667,3.333333333
"h96407tf
",1,0,0,"Correct score for file 1
No file output or incorrect output format for test file 2
No file output or incorrect output format for test file 3
",33.33333333,1.666666667
"q96128lf
",0,0,0,"No file output or incorrect output format for test file 1
No file output or incorrect output format for test file 2
No file output or incorrect output format for test file 3
",0,0
"n95301jf
",0,0,0,"No file output or incorrect output format for test file 1
No file output or incorrect output format for test file 2
No file output or incorrect output format for test file 3
",0,0
"e64848xf
",0,0,0,"No file output or incorrect output format for test file 1
No file output or incorrect output format for test file 2
No file output or incorrect output format for test file 3
",0,0
"g21898tg
",0,0,0,"No file output or incorrect output format for test file 1
No file output or incorrect output format for test file 2
No file output or incorrect output format for test file 3
",0,0
"e41002vg
",1,1,1,"Correct score for file 1
Correct score for file 2
Correct score for file 3
",100,5
"p56781ng
",1,1,1,"Correct score for file 1
Correct score for file 2
Correct score for file 3
",100,5
"n86739dg
",0,0,0,"No file output or incorrect output format for test file 1
No file output or incorrect output format for test file 2
No file output or incorrect output format for test file 3
",0,0
"w16910dg
",1,1,1,"Correct score for file 1
Correct score for file 2
Correct score for file 3
",100,5
"d66835dg
",1,1,1,"Correct score for file 1
Correct score for file 2
Correct score for file 3
",100,5
"j80841pg
",1,1,1,"Correct score for file 1
Correct score for file 2
Correct score for file 3
",100,5
"j56995jg
",1,0,0,"Correct score for file 1
No file output or incorrect output format for test file 2
No file output or incorrect output format for test file 3
",33.33333333,1.666666667
"p23525lg
",1,1,1,"Correct score for file 1
Correct score for file 2
Correct score for file 3
",100,5
"v91365dg
",1,0,0,"Correct score for file 1
No file output or incorrect output format for test file 2
No file output or incorrect output format for test file 3
",33.33333333,1.666666667
"y42270sg
",1,1,1,"Correct score for file 1
Correct score for file 2
Correct score for file 3
",100,5
"s13496vg
",0,0,0,"No file output or incorrect output format for test file 1
No file output or incorrect output format for test file 2
No file output or incorrect output format for test file 3
",0,0
"m19364tg
",1,1,1,"Correct score for file 1
Correct score for file 2
Correct score for file 3
",100,5
"z83313gg
",0,0,0,"No file output or incorrect output format for test file 1
No file output or incorrect output format for test file 2
No file output or incorrect output format for test file 3
",0,0
"x46833ng
",0,0,0,"No file output or incorrect output format for test file 1
No file output or incorrect output format for test file 2
No file output or incorrect output format for test file 3
",0,0
"m17324sg
",0,0,0,"No file output or incorrect output format for test file 1
No file output or incorrect output format for test file 2
No file output or incorrect output format for test file 3
",0,0
"m25334kg
",1,0,0,"Correct score for file 1
No file output or incorrect output format for test file 2
No file output or incorrect output format for test file 3
",33.33333333,1.666666667
"u34592sg
",0,0,0,"No file output or incorrect output format for test file 1
No file output or incorrect output format for test file 2
No file output or incorrect output format for test file 3
",0,0
"z12203pg
",0,0,0,"No file output or incorrect output format for test file 1
No file output or incorrect output format for test file 2
No file output or incorrect output format for test file 3
",0,0
"h01895cg
",1,1,1,"Correct score for file 1
Correct score for file 2
Correct score for file 3
",100,5
"m31181jg
",0,0,0,"No file output or incorrect output format for test file 1
No file output or incorrect output format for test file 2
No file output or incorrect output format for test file 3
",0,0
"p52048kg
",1,0,0,"Correct score for file 1
No file output or incorrect output format for test file 2
No file output or incorrect output format for test file 3
",33.33333333,1.666666667
"k75018lg
",0,0,0,"No file output or incorrect output format for test file 1
No file output or incorrect output format for test file 2
No file output or incorrect output format for test file 3
",0,0
"f21939kg
",0,0,0,"Incorrect score for file 1
No file output or incorrect output format for test file 2
No file output or incorrect output format for test file 3
",0,0
"f33805pg
",0,0,0,"No file output or incorrect output format for test file 1
No file output or incorrect output format for test file 2
No file output or incorrect output format for test file 3
",0,0
"b88575jh
",1,0,0,"Correct score for file 1
No file output or incorrect output format for test file 2
No file output or incorrect output format for test file 3
",33.33333333,1.666666667
"s80648sh
",0,0,0,"No file output or incorrect output format for test file 1
No file output or incorrect output format for test file 2
No file output or incorrect output format for test file 3
",0,0
"y99614zh
",1,1,1,"Correct score for file 1
Correct score for file 2
Correct score for file 3
",100,5
"s78014sh
",1,1,1,"Correct score for file 1
Correct score for file 2
Correct score for file 3
",100,5
"h52171rh
",1,1,0,"Correct score for file 1
Correct score for file 2
No file output or incorrect output format for test file 3
",66.66666667,3.333333333
"v30867dh
",0,0,0,"No file output or incorrect output format for test file 1
No file output or incorrect output format for test file 2
No file output or incorrect output format for test file 3
",0,0
"n05919ah
",1,0,0,"Correct score for file 1
No file output or incorrect output format for test file 2
No file output or incorrect output format for test file 3
",33.33333333,1.666666667
"n58949ah
",1,0,0,"Correct score for file 1
No file output or incorrect output format for test file 2
No file output or incorrect output format for test file 3
",33.33333333,1.666666667
"p48652gh
",1,1,1,"Correct score for file 1
Correct score for file 2
Correct score for file 3
",100,5
"c01724bh
",1,1,1,"Correct score for file 1
Correct score for file 2
Correct score for file 3
",100,5
"y72828ah
",1,0,0,"Correct score for file 1
No file output or incorrect output format for test file 2
No file output or incorrect output format for test file 3
",33.33333333,1.666666667
"e58876ch
",0,0,0,"Incorrect score for file 1
No file output or incorrect output format for test file 2
No file output or incorrect output format for test file 3
",0,0
"s79104mh
",0,0,0,"No file output or incorrect output format for test file 1
No file output or incorrect output format for test file 2
No file output or incorrect output format for test file 3
",0,0
"m42552rh
",1,1,1,"Correct score for file 1
Correct score for file 2
Correct score for file 3
",100,5
"u08120fh
",1,1,1,"Correct score for file 1
Correct score for file 2
Correct score for file 3
",100,5
"x62165ih
",1,0,0,"Correct score for file 1
No file output or incorrect output format for test file 2
No file output or incorrect output format for test file 3
",33.33333333,1.666666667
"j13280mh
",0,0,0,"No file output or incorrect output format for test file 1
No file output or incorrect output format for test file 2
No file output or incorrect output format for test file 3
",0,0
"q90172mh
",0,0,0,"No file output or incorrect output format for test file 1
No file output or incorrect output format for test file 2
No file output or incorrect output format for test file 3
",0,0
"n91491mh
",0,0,0,"No file output or incorrect output format for test file 1
No file output or incorrect output format for test file 2
No file output or incorrect output format for test file 3
",0,0
"j80560hh
",0,0,0,"No file output or incorrect output format for test file 1
No file output or incorrect output format for test file 2
No file output or incorrect output format for test file 3
",0,0
"j94115rh
",0,0,0,"No file output or incorrect output format for test file 1
No file output or incorrect output format for test file 2
No file output or incorrect output format for test file 3
",0,0
"d42941ph
",0,0,0,"No file output or incorrect output format for test file 1
No file output or incorrect output format for test file 2
No file output or incorrect output format for test file 3
",0,0
"y62498rh
",1,1,1,"Correct score for file 1
Correct score for file 2
Correct score for file 3
",100,5
"p53237kh
",0,0,0,"No file output or incorrect output format for test file 1
No file output or incorrect output format for test file 2
No file output or incorrect output format for test file 3
",0,0
"b88861sh
",0,0,0,"No file output or incorrect output format for test file 1
No file output or incorrect output format for test file 2
No file output or incorrect output format for test file 3
",0,0
"m32784sh
",1,0,0,"Correct score for file 1
No file output or incorrect output format for test file 2
No file output or incorrect output format for test file 3
",33.33333333,1.666666667
"h86959th
",1,1,1,"Correct score for file 1
Correct score for file 2
Correct score for file 3
",100,5
"u59286dh
",0,0,0,"No file output or incorrect output format for test file 1
No file output or incorrect output format for test file 2
No file output or incorrect output format for test file 3
",0,0
"k23074jh
",0,0,0,"No file output or incorrect output format for test file 1
No file output or incorrect output format for test file 2
No file output or incorrect output format for test file 3
",0,0
"n39349ch
",0,0,0,"No file output or incorrect output format for test file 1
No file output or incorrect output format for test file 2
No file output or incorrect output format for test file 3
",0,0
"w58006bh
",0,0,0,"No file output or incorrect output format for test file 1
No file output or incorrect output format for test file 2
No file output or incorrect output format for test file 3
",0,0
"j73849yh
",1,1,1,"Correct score for file 1
Correct score for file 2
Correct score for file 3
",100,5
"u18382zh
",1,0,0,"Correct score for file 1
No file output or incorrect output format for test file 2
No file output or incorrect output format for test file 3
",33.33333333,1.666666667
"y02478jh
",1,0,0,"Correct score for file 1
No file output or incorrect output format for test file 2
No file output or incorrect output format for test file 3
",33.33333333,1.666666667
"g70580jh
",0,0,0,"No file output or incorrect output format for test file 1
No file output or incorrect output format for test file 2
No file output or incorrect output format for test file 3
",0,0
"u82766jh
",0,0,0,"No file output or incorrect output format for test file 1
No file output or incorrect output format for test file 2
No file output or incorrect output format for test file 3
",0,0
"m50747jh
",0,0,0,"No file output or incorrect output format for test file 1
No file output or incorrect output format for test file 2
No file output or incorrect output format for test file 3
",0,0
"s89582ph
",0,0,0,"No file output or incorrect output format for test file 1
No file output or incorrect output format for test file 2
No file output or incorrect output format for test file 3
",0,0
"e71568qh
",0,0,0,"No file output or incorrect output format for test file 1
No file output or incorrect output format for test file 2
No file output or incorrect output format for test file 3
",0,0
"w24218sh
",0,0,0,"No file output or incorrect output format for test file 1
No file output or incorrect output format for test file 2
No file output or incorrect output format for test file 3
",0,0
"a24872zh
",1,1,1,"Correct score for file 1
Correct score for file 2
Correct score for file 3
",100,5
"c48306ah
",1,0,0,"Correct score for file 1
No file output or incorrect output format for test file 2
No file output or incorrect output format for test file 3
",33.33333333,1.666666667
"h32647nh
",1,1,1,"Correct score for file 1
Correct score for file 2
Correct score for file 3
",100,5
"n80569fh
",1,1,1,"Correct score for file 1
Correct score for file 2
Correct score for file 3
",100,5
"p31278rh
",0,0,0,"No file output or incorrect output format for test file 1
No file output or incorrect output format for test file 2
No file output or incorrect output format for test file 3
",0,0
"q00848wh
",1,0,0,"Correct score for file 1
No file output or incorrect output format for test file 2
No file output or incorrect output format for test file 3
",33.33333333,1.666666667
"c60952ti
",1,0,0,"Correct score for file 1
No file output or incorrect output format for test file 2
No file output or incorrect output format for test file 3
",33.33333333,1.666666667
"h06559hi
",0,0,0,"No file output or incorrect output format for test file 1
No file output or incorrect output format for test file 2
No file output or incorrect output format for test file 3
",0,0
"b42667ni
",0,0,0,"No file output or incorrect output format for test file 1
No file output or incorrect output format for test file 2
No file output or incorrect output format for test file 3
",0,0
"n66033ai
",1,1,1,"Correct score for file 1
Correct score for file 2
Correct score for file 3
",100,5
"z70469ai
",0,0,0,"No file output or incorrect output format for test file 1
No file output or incorrect output format for test file 2
No file output or incorrect output format for test file 3
",0,0
"r85193di
",1,1,1,"Correct score for file 1
Correct score for file 2
Correct score for file 3
",100,5
"g33966si
",1,1,1,"Correct score for file 1
Correct score for file 2
Correct score for file 3
",100,5
"d71343si
",1,1,1,"Correct score for file 1
Correct score for file 2
Correct score for file 3
",100,5
"r61875lj
",1,0,0,"Correct score for file 1
No file output or incorrect output format for test file 2
No file output or incorrect output format for test file 3
",33.33333333,1.666666667
"e00336tj
",0,0,0,"No file output or incorrect output format for test file 1
No file output or incorrect output format for test file 2
No file output or incorrect output format for test file 3
",0,0
"k20826aj
",0,0,0,"No file output or incorrect output format for test file 1
No file output or incorrect output format for test file 2
No file output or incorrect output format for test file 3
",0,0
"j39317jj
",0,0,0,"No file output or incorrect output format for test file 1
No file output or incorrect output format for test file 2
No file output or incorrect output format for test file 3
",0,0
"m42677js
",0,0,0,"No file output or incorrect output format for test file 1
No file output or incorrect output format for test file 2
No file output or incorrect output format for test file 3
",0,0
"r27413tj
",0,0,0,"No file output or incorrect output format for test file 1
No file output or incorrect output format for test file 2
No file output or incorrect output format for test file 3
",0,0
"u00074aj
",0,0,0,"No file output or incorrect output format for test file 1
No file output or incorrect output format for test file 2
No file output or incorrect output format for test file 3
",0,0
"q22650aj
",0,0,0,"No file output or incorrect output format for test file 1
No file output or incorrect output format for test file 2
No file output or incorrect output format for test file 3
",0,0
"g15612dj
",0,0,0,"No file output or incorrect output format for test file 1
No file output or incorrect output format for test file 2
No file output or incorrect output format for test file 3
",0,0
"t28107tj
",1,1,1,"Correct score for file 1
Correct score for file 2
Correct score for file 3
",100,5
"e86238yj
",0,0,0,"No file output or incorrect output format for test file 1
No file output or incorrect output format for test file 2
No file output or incorrect output format for test file 3
",0,0
"v12433ak
",1,1,1,"Correct score for file 1
Correct score for file 2
Correct score for file 3
",100,5
"v04109yk
",0,0,0,"No file output or incorrect output format for test file 1
No file output or incorrect output format for test file 2
No file output or incorrect output format for test file 3
",0,0
"p75341vk
",1,0,0,"Correct score for file 1
No file output or incorrect output format for test file 2
No file output or incorrect output format for test file 3
",33.33333333,1.666666667
"m84249pk
",1,1,1,"Correct score for file 1
Correct score for file 2
Correct score for file 3
",100,5
"w64810ak
",0,0,0,"No file output or incorrect output format for test file 1
No file output or incorrect output format for test file 2
No file output or incorrect output format for test file 3
",0,0
"y45718mk
",0,0,0,"Incorrect score for file 1
Incorrect score for file 2
Incorrect score for file 3
",0,0
"u38012ek
",1,1,1,"Correct score for file 1
Correct score for file 2
Correct score for file 3
",100,5
"f37609ak
",1,1,1,"Correct score for file 1
Correct score for file 2
Correct score for file 3
",100,5
"d05847mk
",0,0,0,"No file output or incorrect output format for test file 1
No file output or incorrect output format for test file 2
No file output or incorrect output format for test file 3
",0,0
"m85559mk
",1,0,0,"Correct score for file 1
No file output or incorrect output format for test file 2
No file output or incorrect output format for test file 3
",33.33333333,1.666666667
"j34330vk
",1,1,1,"Correct score for file 1
Correct score for file 2
Correct score for file 3
",100,5
"z35437sk
",0,0,0,"Incorrect score for file 1
Incorrect score for file 2
Incorrect score for file 3
",0,0
"k77872uk
",1,0,0,"Correct score for file 1
No file output or incorrect output format for test file 2
No file output or incorrect output format for test file 3
",33.33333333,1.666666667
"j33990dk
",0,0,0,"No file output or incorrect output format for test file 1
No file output or incorrect output format for test file 2
No file output or incorrect output format for test file 3
",0,0
"h04151jk
",0,0,0,"No file output or incorrect output format for test file 1
No file output or incorrect output format for test file 2
No file output or incorrect output format for test file 3
",0,0
"h37701dk
",1,1,1,"Correct score for file 1
Correct score for file 2
Correct score for file 3
",100,5
"n37169dk
",1,0,0,"Correct score for file 1
No file output or incorrect output format for test file 2
No file output or incorrect output format for test file 3
",33.33333333,1.666666667
"a98714zk
",1,1,1,"Correct score for file 1
Correct score for file 2
Correct score for file 3
",100,5
"h45007bk
",1,0,0,"Correct score for file 1
No file output or incorrect output format for test file 2
No file output or incorrect output format for test file 3
",33.33333333,1.666666667
"t56563bk
",1,1,1,"Correct score for file 1
Correct score for file 2
Correct score for file 3
",100,5
"y44694jk
",1,1,1,"Correct score for file 1
Correct score for file 2
Correct score for file 3
",100,5
"m73648ak
",0,0,0,"No file output or incorrect output format for test file 1
No file output or incorrect output format for test file 2
No file output or incorrect output format for test file 3
",0,0
"j52026pk
",1,1,1,"Correct score for file 1
Correct score for file 2
Correct score for file 3
",100,5
"e22628ak
",1,0,0,"Correct score for file 1
No file output or incorrect output format for test file 2
No file output or incorrect output format for test file 3
",33.33333333,1.666666667
"p70810yk
",0,0,0,"No file output or incorrect output format for test file 1
No file output or incorrect output format for test file 2
No file output or incorrect output format for test file 3
",0,0
"c93472yk
",1,1,1,"Correct score for file 1
Correct score for file 2
Correct score for file 3
",100,5
"p29365al
",0,0,0,"No file output or incorrect output format for test file 1
No file output or incorrect output format for test file 2
No file output or incorrect output format for test file 3
",0,0
"a98056wl
",1,1,0,"Correct score for file 1
Correct score for file 2
No file output or incorrect output format for test file 3
",66.66666667,3.333333333
"q17766yl
",1,0,0,"Correct score for file 1
No file output or incorrect output format for test file 2
No file output or incorrect output format for test file 3
",33.33333333,1.666666667
"z49927gl
",1,0,0,"Correct score for file 1
No file output or incorrect output format for test file 2
No file output or incorrect output format for test file 3
",33.33333333,1.666666667
"f13855hl
",1,1,1,"Correct score for file 1
Correct score for file 2
Correct score for file 3
",100,5
"q94072jl
",0,0,0,"No file output or incorrect output format for test file 1
No file output or incorrect output format for test file 2
No file output or incorrect output format for test file 3
",0,0
"y40034sl
",0,0,0,"No file output or incorrect output format for test file 1
No file output or incorrect output format for test file 2
No file output or incorrect output format for test file 3
",0,0
"k73092al
",0,0,0,"No file output or incorrect output format for test file 1
No file output or incorrect output format for test file 2
No file output or incorrect output format for test file 3
",0,0
"y66466tl
",0,0,0,"No file output or incorrect output format for test file 1
No file output or incorrect output format for test file 2
No file output or incorrect output format for test file 3
",0,0
"y41988al
",0,0,0,"No file output or incorrect output format for test file 1
No file output or incorrect output format for test file 2
No file output or incorrect output format for test file 3
",0,0
"d30839jl
",0,0,0,"No file output or incorrect output format for test file 1
No file output or incorrect output format for test file 2
No file output or incorrect output format for test file 3
",0,0
"j13667wl
",0,0,0,"No file output or incorrect output format for test file 1
No file output or incorrect output format for test file 2
No file output or incorrect output format for test file 3
",0,0
"u75904yl
",1,1,1,"Correct score for file 1
Correct score for file 2
Correct score for file 3
",100,5
"p68686gl
",0,0,0,"No file output or incorrect output format for test file 1
No file output or incorrect output format for test file 2
No file output or incorrect output format for test file 3
",0,0
"w15122jl
",1,1,1,"Correct score for file 1
Correct score for file 2
Correct score for file 3
",100,5
"w80290jl
",1,1,1,"Correct score for file 1
Correct score for file 2
Correct score for file 3
",100,5
"j45220sl
",0,0,0,"No file output or incorrect output format for test file 1
No file output or incorrect output format for test file 2
No file output or incorrect output format for test file 3
",0,0
"p07229sl
",0,0,0,"No file output or incorrect output format for test file 1
No file output or incorrect output format for test file 2
No file output or incorrect output format for test file 3
",0,0
"g78196wl
",0,0,0,"No file output or incorrect output format for test file 1
No file output or incorrect output format for test file 2
No file output or incorrect output format for test file 3
",0,0
"f93937xl
",1,1,1,"Correct score for file 1
Correct score for file 2
Correct score for file 3
",100,5
"x12691yl
",1,0,0,"Correct score for file 1
No file output or incorrect output format for test file 2
No file output or incorrect output format for test file 3
",33.33333333,1.666666667
"e23170zl
",0,0,0,"No file output or incorrect output format for test file 1
No file output or incorrect output format for test file 2
No file output or incorrect output format for test file 3
",0,0
"c00182zl
",0,0,0,"No file output or incorrect output format for test file 1
No file output or incorrect output format for test file 2
No file output or incorrect output format for test file 3
",0,0
"j36001zl
",1,1,1,"Correct score for file 1
Correct score for file 2
Correct score for file 3
",100,5
"u60328el
",1,1,1,"Correct score for file 1
Correct score for file 2
Correct score for file 3
",100,5
"h60953dl
",1,1,1,"Correct score for file 1
Correct score for file 2
Correct score for file 3
",100,5
"a60628wl
",0,0,0,"No file output or incorrect output format for test file 1
No file output or incorrect output format for test file 2
No file output or incorrect output format for test file 3
",0,0
"r00979hl
",1,1,1,"Correct score for file 1
Correct score for file 2
Correct score for file 3
",100,5
"r86515xl
",1,1,1,"Correct score for file 1
Correct score for file 2
Correct score for file 3
",100,5
"s93700yl
",1,1,1,"Correct score for file 1
Correct score for file 2
Correct score for file 3
",100,5
"x36049yl
",1,0,0,"Correct score for file 1
No file output or incorrect output format for test file 2
No file output or incorrect output format for test file 3
",33.33333333,1.666666667
"j29115zl
",0,0,0,"No file output or incorrect output format for test file 1
No file output or incorrect output format for test file 2
No file output or incorrect output format for test file 3
",0,0
"r21857jl
",1,0,0,"Correct score for file 1
No file output or incorrect output format for test file 2
No file output or incorrect output format for test file 3
",33.33333333,1.666666667
"p67189ml
",1,1,1,"Correct score for file 1
Correct score for file 2
Correct score for file 3
",100,5
"j59004hl
",1,1,1,"Correct score for file 1
Correct score for file 2
Correct score for file 3
",100,5
"c29824zl
",1,0,0,"Correct score for file 1
No file output or incorrect output format for test file 2
No file output or incorrect output format for test file 3
",33.33333333,1.666666667
"w25464il
",0,0,0,"Incorrect score for file 1
No file output or incorrect output format for test file 2
No file output or incorrect output format for test file 3
",0,0
"d47007el
",1,1,1,"Correct score for file 1
Correct score for file 2
Correct score for file 3
",100,5
"j81448im
",0,0,0,"No file output or incorrect output format for test file 1
No file output or incorrect output format for test file 2
No file output or incorrect output format for test file 3
",0,0
"r07539ym
",0,0,0,"No file output or incorrect output format for test file 1
No file output or incorrect output format for test file 2
No file output or incorrect output format for test file 3
",0,0
"b26193dm
",1,1,1,"Correct score for file 1
Correct score for file 2
Correct score for file 3
",100,5
"n50699mm
",0,0,0,"No file output or incorrect output format for test file 1
No file output or incorrect output format for test file 2
No file output or incorrect output format for test file 3
",0,0
"k47680dm
",1,0,0,"Correct score for file 1
Incorrect score for file 2
Incorrect score for file 3
",33.33333333,1.666666667
"n07219hm
",0,0,0,"No file output or incorrect output format for test file 1
No file output or incorrect output format for test file 2
No file output or incorrect output format for test file 3
",0,0
"j90992mm
",0,0,0,"No file output or incorrect output format for test file 1
No file output or incorrect output format for test file 2
No file output or incorrect output format for test file 3
",0,0
"p37429am
",1,1,1,"Correct score for file 1
Correct score for file 2
Correct score for file 3
",100,5
"m03777am
",0,0,0,"No file output or incorrect output format for test file 1
No file output or incorrect output format for test file 2
No file output or incorrect output format for test file 3
",0,0
"j79871am
",0,0,0,"No file output or incorrect output format for test file 1
No file output or incorrect output format for test file 2
No file output or incorrect output format for test file 3
",0,0
"j78134fm
",1,1,1,"Correct score for file 1
Correct score for file 2
Correct score for file 3
",100,5
"m08320mm
",1,0,0,"Correct score for file 1
No file output or incorrect output format for test file 2
No file output or incorrect output format for test file 3
",33.33333333,1.666666667
"t30023mm
",0,0,0,"No file output or incorrect output format for test file 1
No file output or incorrect output format for test file 2
No file output or incorrect output format for test file 3
",0,0
"k92160ym
",1,1,1,"Correct score for file 1
Correct score for file 2
Correct score for file 3
",100,5
"s23522ym
",1,1,1,"Correct score for file 1
Correct score for file 2
Correct score for file 3
",100,5
"e80626nm
",0,0,0,"No file output or incorrect output format for test file 1
No file output or incorrect output format for test file 2
No file output or incorrect output format for test file 3
",0,0
"b11903lm
",0,0,0,"No file output or incorrect output format for test file 1
No file output or incorrect output format for test file 2
No file output or incorrect output format for test file 3
",0,0
"t74769sm
",1,1,1,"Correct score for file 1
Correct score for file 2
Correct score for file 3
",100,5
"h56505hm
",0,0,0,"No file output or incorrect output format for test file 1
No file output or incorrect output format for test file 2
No file output or incorrect output format for test file 3
",0,0
"b05899em
",0,0,0,"No file output or incorrect output format for test file 1
No file output or incorrect output format for test file 2
No file output or incorrect output format for test file 3
",0,0
"k98956fm
",0,0,0,"No file output or incorrect output format for test file 1
No file output or incorrect output format for test file 2
No file output or incorrect output format for test file 3
",0,0
"x32001nm
",0,0,0,"No file output or incorrect output format for test file 1
No file output or incorrect output format for test file 2
No file output or incorrect output format for test file 3
",0,0
"n66837sm
",0,0,0,"No file output or incorrect output format for test file 1
No file output or incorrect output format for test file 2
No file output or incorrect output format for test file 3
",0,0
"k42524cm
",0,0,0,"No file output or incorrect output format for test file 1
No file output or incorrect output format for test file 2
No file output or incorrect output format for test file 3
",0,0
"h34091sm
",0,0,0,"No file output or incorrect output format for test file 1
No file output or incorrect output format for test file 2
No file output or incorrect output format for test file 3
",0,0
"e88144wm
",0,0,0,"Incorrect score for file 1
No file output or incorrect output format for test file 2
No file output or incorrect output format for test file 3
",0,0
"p37736sm
",0,0,0,"No file output or incorrect output format for test file 1
No file output or incorrect output format for test file 2
No file output or incorrect output format for test file 3
",0,0
"b78373dm
",1,0,0,"Correct score for file 1
No file output or incorrect output format for test file 2
No file output or incorrect output format for test file 3
",33.33333333,1.666666667
"p94302hm
",0,0,0,"No file output or incorrect output format for test file 1
No file output or incorrect output format for test file 2
No file output or incorrect output format for test file 3
",0,0
"m92824cm
",1,0,0,"Correct score for file 1
Incorrect score for file 2
Incorrect score for file 3
",33.33333333,1.666666667
"n03227rm
",1,1,1,"Correct score for file 1
Correct score for file 2
Correct score for file 3
",100,5
"d00499dm
",0,0,0,"No file output or incorrect output format for test file 1
No file output or incorrect output format for test file 2
No file output or incorrect output format for test file 3
",0,0
"d20477sn
",0,0,0,"No file output or incorrect output format for test file 1
No file output or incorrect output format for test file 2
No file output or incorrect output format for test file 3
",0,0
"f15107sn
",0,0,0,"No file output or incorrect output format for test file 1
No file output or incorrect output format for test file 2
No file output or incorrect output format for test file 3
",0,0
"q89254rn
",1,1,1,"Correct score for file 1
Correct score for file 2
Correct score for file 3
",100,5
"h63651bn
",1,0,0,"Correct score for file 1
No file output or incorrect output format for test file 2
No file output or incorrect output format for test file 3
",33.33333333,1.666666667
"n72421tn
",1,0,0,"Correct score for file 1
No file output or incorrect output format for test file 2
No file output or incorrect output format for test file 3
",33.33333333,1.666666667
"y55928xn
",0,0,0,"No file output or incorrect output format for test file 1
No file output or incorrect output format for test file 2
No file output or incorrect output format for test file 3
",0,0
"q10556rn
",1,0,0,"Correct score for file 1
No file output or incorrect output format for test file 2
No file output or incorrect output format for test file 3
",33.33333333,1.666666667
"z34983bo
",1,0,0,"Correct score for file 1
No file output or incorrect output format for test file 2
No file output or incorrect output format for test file 3
",33.33333333,1.666666667
"t56225ro
",0,0,0,"No file output or incorrect output format for test file 1
No file output or incorrect output format for test file 2
No file output or incorrect output format for test file 3
",0,0
"m38874oo
",0,0,0,"No file output or incorrect output format for test file 1
No file output or incorrect output format for test file 2
No file output or incorrect output format for test file 3
",0,0
"q77644po
",1,1,1,"Correct score for file 1
Correct score for file 2
Correct score for file 3
",100,5
"z74185ho
",1,0,0,"Correct score for file 1
No file output or incorrect output format for test file 2
No file output or incorrect output format for test file 3
",33.33333333,1.666666667
"h13549so
",0,0,0,"Incorrect score for file 1
Incorrect score for file 2
Incorrect score for file 3
",0,0
"h19243yp
",0,0,0,"No file output or incorrect output format for test file 1
No file output or incorrect output format for test file 2
No file output or incorrect output format for test file 3
",0,0
"y48410ap
",1,1,1,"Correct score for file 1
Correct score for file 2
Correct score for file 3
",100,5
"h18609dp
",0,0,0,"No file output or incorrect output format for test file 1
No file output or incorrect output format for test file 2
No file output or incorrect output format for test file 3
",0,0
"s42704jp
",0,0,0,"No file output or incorrect output format for test file 1
No file output or incorrect output format for test file 2
No file output or incorrect output format for test file 3
",0,0
"f49277np
",0,0,0,"No file output or incorrect output format for test file 1
No file output or incorrect output format for test file 2
No file output or incorrect output format for test file 3
",0,0
"g39786dp
",1,1,1,"Correct score for file 1
Correct score for file 2
Correct score for file 3
",100,5
"j81034dp
",1,0,0,"Correct score for file 1
No file output or incorrect output format for test file 2
No file output or incorrect output format for test file 3
",33.33333333,1.666666667
"h18603tp
",0,0,0,"No file output or incorrect output format for test file 1
No file output or incorrect output format for test file 2
No file output or incorrect output format for test file 3
",0,0
"p86963sp
",0,0,0,"No file output or incorrect output format for test file 1
No file output or incorrect output format for test file 2
No file output or incorrect output format for test file 3
",0,0
"x09137dp
",1,1,1,"Correct score for file 1
Correct score for file 2
Correct score for file 3
",100,5
"e40494op
",1,1,1,"Correct score for file 1
Correct score for file 2
Correct score for file 3
",100,5
"h61781jp
",0,0,0,"No file output or incorrect output format for test file 1
No file output or incorrect output format for test file 2
No file output or incorrect output format for test file 3
",0,0
"q44958jp
",1,1,1,"Correct score for file 1
Correct score for file 2
Correct score for file 3
",100,5
"j96158ap
",0,0,0,"Incorrect score for file 1
Incorrect score for file 2
Incorrect score for file 3
",0,0
"v55941np
",1,1,1,"Correct score for file 1
Correct score for file 2
Correct score for file 3
",100,5
"z90677pp
",1,0,0,"Correct score for file 1
No file output or incorrect output format for test file 2
No file output or incorrect output format for test file 3
",33.33333333,1.666666667
"k96010wp
",0,0,0,"No file output or incorrect output format for test file 1
No file output or incorrect output format for test file 2
No file output or incorrect output format for test file 3
",0,0
"p72426yp
",1,0,0,"Correct score for file 1
No file output or incorrect output format for test file 2
No file output or incorrect output format for test file 3
",33.33333333,1.666666667
"r56677rp
",1,1,1,"Correct score for file 1
Correct score for file 2
Correct score for file 3
",100,5
"p98424rp
",0,0,0,"No file output or incorrect output format for test file 1
No file output or incorrect output format for test file 2
No file output or incorrect output format for test file 3
",0,0
"p35799ap
",1,1,1,"Correct score for file 1
Correct score for file 2
Correct score for file 3
",100,5
"q50676ep
",0,0,0,"No file output or incorrect output format for test file 1
No file output or incorrect output format for test file 2
No file output or incorrect output format for test file 3
",0,0
"v35417sp
",1,0,0,"Correct score for file 1
No file output or incorrect output format for test file 2
No file output or incorrect output format for test file 3
",33.33333333,1.666666667
"z80559hq
",0,0,0,"No file output or incorrect output format for test file 1
No file output or incorrect output format for test file 2
No file output or incorrect output format for test file 3
",0,0
"h50141yq
",0,0,0,"No file output or incorrect output format for test file 1
No file output or incorrect output format for test file 2
No file output or incorrect output format for test file 3
",0,0
"f38903hq
",0,0,0,"No file output or incorrect output format for test file 1
No file output or incorrect output format for test file 2
No file output or incorrect output format for test file 3
",0,0
"p44469aq
",0,0,0,"No file output or incorrect output format for test file 1
No file output or incorrect output format for test file 2
No file output or incorrect output format for test file 3
",0,0
"v63881oq
",0,0,0,"No file output or incorrect output format for test file 1
No file output or incorrect output format for test file 2
No file output or incorrect output format for test file 3
",0,0
"g77134dr
",0,0,0,"No file output or incorrect output format for test file 1
No file output or incorrect output format for test file 2
No file output or incorrect output format for test file 3
",0,0
"x83363dr
",0,0,0,"No file output or incorrect output format for test file 1
No file output or incorrect output format for test file 2
No file output or incorrect output format for test file 3
",0,0
"j11865sr
",1,1,1,"Correct score for file 1
Correct score for file 2
Correct score for file 3
",100,5
"x62967rr
",1,1,1,"Correct score for file 1
Correct score for file 2
Correct score for file 3
",100,5
"u63378mr
",0,0,0,"No file output or incorrect output format for test file 1
No file output or incorrect output format for test file 2
No file output or incorrect output format for test file 3
",0,0
"u43534sr
",0,0,0,"No file output or incorrect output format for test file 1
No file output or incorrect output format for test file 2
No file output or incorrect output format for test file 3
",0,0
"k63434dr
",0,0,0,"No file output or incorrect output format for test file 1
No file output or incorrect output format for test file 2
No file output or incorrect output format for test file 3
",0,0
"f98689dr
",1,0,0,"Correct score for file 1
No file output or incorrect output format for test file 2
No file output or incorrect output format for test file 3
",33.33333333,1.666666667
"j06597jr
",0,0,0,"No file output or incorrect output format for test file 1
No file output or incorrect output format for test file 2
No file output or incorrect output format for test file 3
",0,0
"u81076nr
",0,0,0,"No file output or incorrect output format for test file 1
No file output or incorrect output format for test file 2
No file output or incorrect output format for test file 3
",0,0
"t92001cr
",0,0,0,"No file output or incorrect output format for test file 1
No file output or incorrect output format for test file 2
No file output or incorrect output format for test file 3
",0,0
"e99236vr
",0,0,0,"No file output or incorrect output format for test file 1
No file output or incorrect output format for test file 2
No file output or incorrect output format for test file 3
",0,0
"t02231ss
",0,0,0,"No file output or incorrect output format for test file 1
No file output or incorrect output format for test file 2
No file output or incorrect output format for test file 3
",0,0
"e18770as
",1,1,1,"Correct score for file 1
Correct score for file 2
Correct score for file 3
",100,5
"s62508as
",1,1,1,"Correct score for file 1
Correct score for file 2
Correct score for file 3
",100,5
"v21023jh
",1,1,1,"Correct score for file 1
Correct score for file 2
Correct score for file 3
",100,5
"h64411rs
",1,0,0,"Correct score for file 1
No file output or incorrect output format for test file 2
No file output or incorrect output format for test file 3
",33.33333333,1.666666667
"x81829rs
",0,0,0,"No file output or incorrect output format for test file 1
No file output or incorrect output format for test file 2
No file output or incorrect output format for test file 3
",0,0
"v26161ns
",1,0,0,"Correct score for file 1
No file output or incorrect output format for test file 2
No file output or incorrect output format for test file 3
",33.33333333,1.666666667
"m78355ls
",1,1,1,"Correct score for file 1
Correct score for file 2
Correct score for file 3
",100,5
"y65306ws
",0,0,0,"No file output or incorrect output format for test file 1
No file output or incorrect output format for test file 2
No file output or incorrect output format for test file 3
",0,0
"e40896us
",0,0,0,"No file output or incorrect output format for test file 1
No file output or incorrect output format for test file 2
No file output or incorrect output format for test file 3
",0,0
"g75342ms
",0,0,0,"No file output or incorrect output format for test file 1
No file output or incorrect output format for test file 2
No file output or incorrect output format for test file 3
",0,0
"z70503ns
",0,0,0,"No file output or incorrect output format for test file 1
No file output or incorrect output format for test file 2
No file output or incorrect output format for test file 3
",0,0
"a86442gs
",0,0,0,"No file output or incorrect output format for test file 1
No file output or incorrect output format for test file 2
No file output or incorrect output format for test file 3
",0,0
"m43369as
",0,0,0,"No file output or incorrect output format for test file 1
No file output or incorrect output format for test file 2
No file output or incorrect output format for test file 3
",0,0
"j17768ms
",0,0,0,"No file output or incorrect output format for test file 1
No file output or incorrect output format for test file 2
No file output or incorrect output format for test file 3
",0,0
"h25471ds
",1,1,1,"Correct score for file 1
Correct score for file 2
Correct score for file 3
",100,5
"f66089ms
",0,0,0,"Incorrect score for file 1
Incorrect score for file 2
Incorrect score for file 3
",0,0
"j54137ss
",1,1,1,"Correct score for file 1
Correct score for file 2
Correct score for file 3
",100,5
"k01756ws
",1,0,0,"Correct score for file 1
No file output or incorrect output format for test file 2
No file output or incorrect output format for test file 3
",33.33333333,1.666666667
"v96969ss
",0,0,0,"No file output or incorrect output format for test file 1
No file output or incorrect output format for test file 2
No file output or incorrect output format for test file 3
",0,0
"m73289ls
",0,0,0,"No file output or incorrect output format for test file 1
No file output or incorrect output format for test file 2
No file output or incorrect output format for test file 3
",0,0
"b89545ss
",0,0,0,"No file output or incorrect output format for test file 1
No file output or incorrect output format for test file 2
No file output or incorrect output format for test file 3
",0,0
"x57595ts
",0,0,0,"No file output or incorrect output format for test file 1
No file output or incorrect output format for test file 2
No file output or incorrect output format for test file 3
",0,0
"e41206gs
",1,0,0,"Correct score for file 1
No file output or incorrect output format for test file 2
No file output or incorrect output format for test file 3
",33.33333333,1.666666667
"m83653ns
",0,0,0,"Incorrect score for file 1
Incorrect score for file 2
Incorrect score for file 3
",0,0
"z54873hs
",1,1,1,"Correct score for file 1
Correct score for file 2
Correct score for file 3
",100,5
"y47496ms
",1,1,1,"Correct score for file 1
Correct score for file 2
Correct score for file 3
",100,5
"b98919gs
",1,1,1,"Correct score for file 1
Correct score for file 2
Correct score for file 3
",100,5
"q08386js
",1,0,0,"Correct score for file 1
No file output or incorrect output format for test file 2
No file output or incorrect output format for test file 3
",33.33333333,1.666666667
"y48052as
",0,0,0,"No file output or incorrect output format for test file 1
No file output or incorrect output format for test file 2
No file output or incorrect output format for test file 3
",0,0
"y44780cs
",0,0,0,"No file output or incorrect output format for test file 1
No file output or incorrect output format for test file 2
No file output or incorrect output format for test file 3
",0,0
"q16332rs
",0,0,0,"No file output or incorrect output format for test file 1
No file output or incorrect output format for test file 2
No file output or incorrect output format for test file 3
",0,0
"w27888ms
",1,0,0,"Correct score for file 1
No file output or incorrect output format for test file 2
No file output or incorrect output format for test file 3
",33.33333333,1.666666667
"p73848hs
",0,0,0,"No file output or incorrect output format for test file 1
No file output or incorrect output format for test file 2
No file output or incorrect output format for test file 3
",0,0
"j91917bs
",1,0,0,"Correct score for file 1
No file output or incorrect output format for test file 2
No file output or incorrect output format for test file 3
",33.33333333,1.666666667
"g62520js
",1,1,1,"Correct score for file 1
Correct score for file 2
Correct score for file 3
",100,5
"w13634ps
",1,1,1,"Correct score for file 1
Correct score for file 2
Correct score for file 3
",100,5
"x47813as
",0,0,0,"No file output or incorrect output format for test file 1
No file output or incorrect output format for test file 2
No file output or incorrect output format for test file 3
",0,0
"f18903ls
",1,1,1,"Correct score for file 1
Correct score for file 2
Correct score for file 3
",100,5
"f57695ks
",1,1,1,"Correct score for file 1
Correct score for file 2
Correct score for file 3
",100,5
"q02710ts
",0,0,0,"No file output or incorrect output format for test file 1
No file output or incorrect output format for test file 2
No file output or incorrect output format for test file 3
",0,0
"u54258as
",0,0,0,"No file output or incorrect output format for test file 1
No file output or incorrect output format for test file 2
No file output or incorrect output format for test file 3
",0,0
"r94627as
",1,1,1,"Correct score for file 1
Correct score for file 2
Correct score for file 3
",100,5
"d02513ms
",1,1,1,"Correct score for file 1
Correct score for file 2
Correct score for file 3
",100,5
"v97159is
",0,0,0,"No file output or incorrect output format for test file 1
No file output or incorrect output format for test file 2
No file output or incorrect output format for test file 3
",0,0
"y57776rs
",0,0,0,"Incorrect score for file 1
Incorrect score for file 2
No file output or incorrect output format for test file 3
",0,0
"y55496ks
",0,0,0,"No file output or incorrect output format for test file 1
No file output or incorrect output format for test file 2
No file output or incorrect output format for test file 3
",0,0
"p94886ms
",0,0,0,"No file output or incorrect output format for test file 1
No file output or incorrect output format for test file 2
No file output or incorrect output format for test file 3
",0,0
"a81060bs
",0,0,0,"No file output or incorrect output format for test file 1
No file output or incorrect output format for test file 2
No file output or incorrect output format for test file 3
",0,0
"e35918rs
",1,0,0,"Correct score for file 1
No file output or incorrect output format for test file 2
No file output or incorrect output format for test file 3
",33.33333333,1.666666667
"x97151hs
",0,0,0,"No file output or incorrect output format for test file 1
No file output or incorrect output format for test file 2
No file output or incorrect output format for test file 3
",0,0
"r82969js
",1,1,1,"Correct score for file 1
Correct score for file 2
Correct score for file 3
",100,5
"k38730rs
",0,0,0,"No file output or incorrect output format for test file 1
No file output or incorrect output format for test file 2
No file output or incorrect output format for test file 3
",0,0
"s56124at
",1,1,1,"Correct score for file 1
Correct score for file 2
Correct score for file 3
",100,5
"p40515mt
",1,1,1,"Correct score for file 1
Correct score for file 2
Correct score for file 3
",100,5
"c38534kt
",0,0,0,"No file output or incorrect output format for test file 1
No file output or incorrect output format for test file 2
No file output or incorrect output format for test file 3
",0,0
"y10240dt
",1,0,0,"Correct score for file 1
No file output or incorrect output format for test file 2
No file output or incorrect output format for test file 3
",33.33333333,1.666666667
"b87145mt
",1,0,0,"Correct score for file 1
No file output or incorrect output format for test file 2
No file output or incorrect output format for test file 3
",33.33333333,1.666666667
"g28708at
",0,0,0,"No file output or incorrect output format for test file 1
No file output or incorrect output format for test file 2
No file output or incorrect output format for test file 3
",0,0
"e54842zt
",1,1,1,"Correct score for file 1
Correct score for file 2
Correct score for file 3
",100,5
"u49728rt
",1,1,1,"Correct score for file 1
Correct score for file 2
Correct score for file 3
",100,5
"s65422mt
",1,1,1,"Correct score for file 1
Correct score for file 2
Correct score for file 3
",100,5
"c62354yt
",1,1,1,"Correct score for file 1
Correct score for file 2
Correct score for file 3
",100,5
"y60150st
",0,0,0,"No file output or incorrect output format for test file 1
No file output or incorrect output format for test file 2
No file output or incorrect output format for test file 3
",0,0
"d03963st
",1,1,1,"Correct score for file 1
Correct score for file 2
Correct score for file 3
",100,5
"k71182kt
",1,1,1,"Correct score for file 1
Correct score for file 2
Correct score for file 3
",100,5
"p17128xt
",0,0,0,"No file output or incorrect output format for test file 1
No file output or incorrect output format for test file 2
No file output or incorrect output format for test file 3
",0,0
"r46739lt
",1,0,0,"Correct score for file 1
No file output or incorrect output format for test file 2
No file output or incorrect output format for test file 3
",33.33333333,1.666666667
"j13909ht
",0,0,0,"No file output or incorrect output format for test file 1
No file output or incorrect output format for test file 2
No file output or incorrect output format for test file 3
",0,0
"w90012gt
",1,1,0,"Correct score for file 1
Correct score for file 2
No file output or incorrect output format for test file 3
",66.66666667,3.333333333
"x28381ot
",0,0,0,"No file output or incorrect output format for test file 1
No file output or incorrect output format for test file 2
No file output or incorrect output format for test file 3
",0,0
"c43480ct
",1,1,1,"Correct score for file 1
Correct score for file 2
Correct score for file 3
",100,5
"y67506st
",1,1,1,"Correct score for file 1
Correct score for file 2
Correct score for file 3
",100,5
"j24834et
",1,1,1,"Correct score for file 1
Correct score for file 2
Correct score for file 3
",100,5
"p34378lt
",1,1,1,"Correct score for file 1
Correct score for file 2
Correct score for file 3
",100,5
"e58068tt
",0,0,0,"No file output or incorrect output format for test file 1
No file output or incorrect output format for test file 2
No file output or incorrect output format for test file 3
",0,0
"e58690mu
",1,0,0,"Correct score for file 1
No file output or incorrect output format for test file 2
No file output or incorrect output format for test file 3
",33.33333333,1.666666667
"c70846fu
",0,0,0,"No file output or incorrect output format for test file 1
No file output or incorrect output format for test file 2
No file output or incorrect output format for test file 3
",0,0
"n54133hu
",1,1,1,"Correct score for file 1
Correct score for file 2
Correct score for file 3
",100,5
"p62312tu
",0,0,0,"No file output or incorrect output format for test file 1
No file output or incorrect output format for test file 2
No file output or incorrect output format for test file 3
",0,0
"w39362nv
",0,0,0,"No file output or incorrect output format for test file 1
No file output or incorrect output format for test file 2
No file output or incorrect output format for test file 3
",0,0
"m31234gv
",0,0,0,"No file output or incorrect output format for test file 1
No file output or incorrect output format for test file 2
No file output or incorrect output format for test file 3
",0,0
"j94732av
",0,0,0,"No file output or incorrect output format for test file 1
No file output or incorrect output format for test file 2
No file output or incorrect output format for test file 3
",0,0
"h76117sv
",1,1,1,"Correct score for file 1
Correct score for file 2
Correct score for file 3
",100,5
"h78811cv
",1,1,1,"Correct score for file 1
Correct score for file 2
Correct score for file 3
",100,5
"b63095jv
",1,0,0,"Correct score for file 1
No file output or incorrect output format for test file 2
No file output or incorrect output format for test file 3
",33.33333333,1.666666667
"z13325aw
",1,1,1,"Correct score for file 1
Correct score for file 2
Correct score for file 3
",100,5
"x48913aw
",1,1,1,"Correct score for file 1
Correct score for file 2
Correct score for file 3
",100,5
"g75462fw
",1,1,1,"Correct score for file 1
Correct score for file 2
Correct score for file 3
",100,5
"f85709jw
",1,0,0,"Correct score for file 1
No file output or incorrect output format for test file 2
No file output or incorrect output format for test file 3
",33.33333333,1.666666667
"t09329lw
",1,1,1,"Correct score for file 1
Correct score for file 2
Correct score for file 3
",100,5
"n91131bw
",0,0,0,"No file output or incorrect output format for test file 1
No file output or incorrect output format for test file 2
No file output or incorrect output format for test file 3
",0,0
"m56135cw
",1,1,1,"Correct score for file 1
Correct score for file 2
Correct score for file 3
",100,5
"h48741ew
",1,1,1,"Correct score for file 1
Correct score for file 2
Correct score for file 3
",100,5
"x67955hw
",0,0,0,"No file output or incorrect output format for test file 1
No file output or incorrect output format for test file 2
No file output or incorrect output format for test file 3
",0,0
"m60493kw
",1,0,0,"Correct score for file 1
Incorrect score for file 2
Incorrect score for file 3
",33.33333333,1.666666667
"g91274qw
",1,0,0,"Correct score for file 1
No file output or incorrect output format for test file 2
No file output or incorrect output format for test file 3
",33.33333333,1.666666667
"x72017ww
",0,0,0,"No file output or incorrect output format for test file 1
No file output or incorrect output format for test file 2
No file output or incorrect output format for test file 3
",0,0
"h85345ww
",0,0,0,"No file output or incorrect output format for test file 1
No file output or incorrect output format for test file 2
No file output or incorrect output format for test file 3
",0,0
"v74211xw
",0,0,0,"No file output or incorrect output format for test file 1
No file output or incorrect output format for test file 2
No file output or incorrect output format for test file 3
",0,0
"f60163yw
",0,0,0,"No file output or incorrect output format for test file 1
No file output or incorrect output format for test file 2
No file output or incorrect output format for test file 3
",0,0
"q83438yw
",1,1,1,"Correct score for file 1
Correct score for file 2
Correct score for file 3
",100,5
"j98107zw
",0,0,0,"No file output or incorrect output format for test file 1
No file output or incorrect output format for test file 2
No file output or incorrect output format for test file 3
",0,0
"d95341zw
",0,0,0,"No file output or incorrect output format for test file 1
No file output or incorrect output format for test file 2
No file output or incorrect output format for test file 3
",0,0
"e31258zw
",1,0,0,"Correct score for file 1
No file output or incorrect output format for test file 2
No file output or incorrect output format for test file 3
",33.33333333,1.666666667
"n20851ew
",0,0,0,"No file output or incorrect output format for test file 1
No file output or incorrect output format for test file 2
No file output or incorrect output format for test file 3
",0,0
"n35081bw
",0,0,0,"No file output or incorrect output format for test file 1
No file output or incorrect output format for test file 2
No file output or incorrect output format for test file 3
",0,0
"w92704dw
",1,1,1,"Correct score for file 1
Correct score for file 2
Correct score for file 3
",100,5
"r27125bw
",1,1,1,"Correct score for file 1
Correct score for file 2
Correct score for file 3
",100,5
"y35654gw
",1,1,1,"Correct score for file 1
Correct score for file 2
Correct score for file 3
",100,5
"p17498jw
",1,1,1,"Correct score for file 1
Correct score for file 2
Correct score for file 3
",100,5
"y28244lw
",1,0,0,"Correct score for file 1
No file output or incorrect output format for test file 2
No file output or incorrect output format for test file 3
",33.33333333,1.666666667
"u24264cw
",1,1,1,"Correct score for file 1
Correct score for file 2
Correct score for file 3
",100,5
"p96457dw
",0,0,0,"No file output or incorrect output format for test file 1
No file output or incorrect output format for test file 2
No file output or incorrect output format for test file 3
",0,0
"q36172hw
",0,0,0,"No file output or incorrect output format for test file 1
No file output or incorrect output format for test file 2
No file output or incorrect output format for test file 3
",0,0
"v08417jw
",0,0,0,"No file output or incorrect output format for test file 1
No file output or incorrect output format for test file 2
No file output or incorrect output format for test file 3
",0,0
"g62512ww
",1,1,1,"Correct score for file 1
Correct score for file 2
Correct score for file 3
",100,5
"v54835xw
",0,0,0,"No file output or incorrect output format for test file 1
No file output or incorrect output format for test file 2
No file output or incorrect output format for test file 3
",0,0
"a38752yw
",0,0,0,"No file output or incorrect output format for test file 1
No file output or incorrect output format for test file 2
No file output or incorrect output format for test file 3
",0,0
"t17981qx
",1,1,1,"Correct score for file 1
Correct score for file 2
Correct score for file 3
",100,5
"j72446cx
",1,1,1,"Correct score for file 1
Correct score for file 2
Correct score for file 3
",100,5
"v08387yx
",1,1,1,"Correct score for file 1
Correct score for file 2
Correct score for file 3
",100,5
"p00331rx
",1,0,0,"Correct score for file 1
No file output or incorrect output format for test file 2
No file output or incorrect output format for test file 3
",33.33333333,1.666666667
"c29038sx
",1,1,1,"Correct score for file 1
Correct score for file 2
Correct score for file 3
",100,5
"x69739wx
",0,0,0,"No file output or incorrect output format for test file 1
No file output or incorrect output format for test file 2
No file output or incorrect output format for test file 3
",0,0
"f53919qy
",0,0,0,"No file output or incorrect output format for test file 1
No file output or incorrect output format for test file 2
No file output or incorrect output format for test file 3
",0,0
"q66122my
",0,0,0,"No file output or incorrect output format for test file 1
No file output or incorrect output format for test file 2
No file output or incorrect output format for test file 3
",0,0
"j29403qy
",0,0,0,"No file output or incorrect output format for test file 1
No file output or incorrect output format for test file 2
No file output or incorrect output format for test file 3
",0,0
"v35117sy
",0,0,0,"No file output or incorrect output format for test file 1
No file output or incorrect output format for test file 2
No file output or incorrect output format for test file 3
",0,0
"z03463sy
",0,0,0,"No file output or incorrect output format for test file 1
No file output or incorrect output format for test file 2
No file output or incorrect output format for test file 3
",0,0
"s94292yy
",0,0,0,"No file output or incorrect output format for test file 1
No file output or incorrect output format for test file 2
No file output or incorrect output format for test file 3
",0,0
"p33067ay
",0,0,0,"No file output or incorrect output format for test file 1
No file output or incorrect output format for test file 2
No file output or incorrect output format for test file 3
",0,0
"d88719ry
",0,0,0,"No file output or incorrect output format for test file 1
No file output or incorrect output format for test file 2
No file output or incorrect output format for test file 3
",0,0
"s86124sy
",0,0,0,"No file output or incorrect output format for test file 1
No file output or incorrect output format for test file 2
No file output or incorrect output format for test file 3
",0,0
"s50172ey
",0,0,0,"No file output or incorrect output format for test file 1
No file output or incorrect output format for test file 2
No file output or incorrect output format for test file 3
",0,0
"v79907sy
",0,0,0,"No file output or incorrect output format for test file 1
No file output or incorrect output format for test file 2
No file output or incorrect output format for test file 3
",0,0
"g58440zy
",1,1,1,"Correct score for file 1
Correct score for file 2
Correct score for file 3
",100,5
"f11711jy
",0,0,0,"No file output or incorrect output format for test file 1
No file output or incorrect output format for test file 2
No file output or incorrect output format for test file 3
",0,0
"h39449sy
",0,0,0,"No file output or incorrect output format for test file 1
No file output or incorrect output format for test file 2
No file output or incorrect output format for test file 3
",0,0
"p61761ay
",0,0,0,"No file output or incorrect output format for test file 1
No file output or incorrect output format for test file 2
No file output or incorrect output format for test file 3
",0,0
"h72507by
",0,0,0,"No file output or incorrect output format for test file 1
No file output or incorrect output format for test file 2
No file output or incorrect output format for test file 3
",0,0
"d07769jy
",1,0,0,"Correct score for file 1
No file output or incorrect output format for test file 2
No file output or incorrect output format for test file 3
",33.33333333,1.666666667
"m09857ly
",1,1,1,"Correct score for file 1
Correct score for file 2
Correct score for file 3
",100,5
"p99614sy
",1,0,0,"Correct score for file 1
No file output or incorrect output format for test file 2
No file output or incorrect output format for test file 3
",33.33333333,1.666666667
"n96249ty
",1,1,1,"Correct score for file 1
Correct score for file 2
Correct score for file 3
",100,5
"z53195cy
",0,0,0,"No file output or incorrect output format for test file 1
No file output or incorrect output format for test file 2
No file output or incorrect output format for test file 3
",0,0
"v94579az
",1,1,1,"Correct score for file 1
Correct score for file 2
Correct score for file 3
",100,5
"b16225mz
",1,0,0,"Correct score for file 1
Incorrect score for file 2
Incorrect score for file 3
",33.33333333,1.666666667
"f77541nz
",1,1,1,"Correct score for file 1
Correct score for file 2
Correct score for file 3
",100,5
"m46757sz
",1,1,1,"Correct score for file 1
Correct score for file 2
Correct score for file 3
",100,5
"t28063tz
",1,0,0,"Correct score for file 1
No file output or incorrect output format for test file 2
No file output or incorrect output format for test file 3
",33.33333333,1.666666667
"p76722cz
",0,0,0,"No file output or incorrect output format for test file 1
No file output or incorrect output format for test file 2
No file output or incorrect output format for test file 3
",0,0
"j20384jz
",0,0,0,"No file output or incorrect output format for test file 1
No file output or incorrect output format for test file 2
No file output or incorrect output format for test file 3
",0,0
"s78866kz
",0,0,0,"No file output or incorrect output format for test file 1
No file output or incorrect output format for test file 2
No file output or incorrect output format for test file 3
",0,0
"m26025tz
",0,0,0,"No file output or incorrect output format for test file 1
No file output or incorrect output format for test file 2
No file output or incorrect output format for test file 3
",0,0
"r42421yz
",0,0,0,"No file output or incorrect output format for test file 1
No file output or incorrect output format for test file 2
No file output or incorrect output format for test file 3
",0,0
"n20773yz
",1,1,1,"Correct score for file 1
Correct score for file 2
Correct score for file 3
",100,5
"u71922pz
",0,0,0,"No file output or incorrect output format for test file 1
No file output or incorrect output format for test file 2
No file output or incorrect output format for test file 3
",0,0
"g60486zz
",0,0,0,"No file output or incorrect output format for test file 1
No file output or incorrect output format for test file 2
No file output or incorrect output format for test file 3
",0,0
"b03791zc
",0,0,0,"No file output or incorrect output format for test file 1
No file output or incorrect output format for test file 2
No file output or incorrect output format for test file 3
",0,0
"g92198jz
",0,0,0,"No file output or incorrect output format for test file 1
No file output or incorrect output format for test file 2
No file output or incorrect output format for test file 3
",0,0
"m36036zz
",1,1,1,"Correct score for file 1
Correct score for file 2
Correct score for file 3
",100,5
"c74752hz
",1,0,0,"Correct score for file 1
No file output or incorrect output format for test file 2
No file output or incorrect output format for test file 3
",33.33333333,1.666666667
"u50490yz
",0,0,0,"No file output or incorrect output format for test file 1
No file output or incorrect output format for test file 2
No file output or incorrect output format for test file 3
",0,0
k25612yz,0,0,0,"No file output or incorrect output format for test file 1
No file output or incorrect output format for test file 2
No file output or incorrect output format for test file 3
",0,0
,,,,,,
,,,,,,
AVERAGE,0.52233677,0.333333333,0.312714777,,38.94616266,1.947308133
stdev,0.49950082,0.471404521,0.463599229,,43.72626246,2.186313123
