Student_number,file_1_mark,file_2_mark,file_3_mark,Feedback
"m65577ha
",1,1,0,"Correct checking for file 1
Correct checking for file 2
Incorrect checking for file 3
"
"p49263ca
",0,0,0,"No file output or incorrect output format for test file 1
No file output or incorrect output format for test file 2
No file output or incorrect output format for test file 3
"
"w25478ia
",1,1,1,"Correct checking for file 1
Correct checking for file 2
Correct checking for file 3
"
"j48751oa
",0,0,0,"No file output or incorrect output format for test file 1
No file output or incorrect output format for test file 2
No file output or incorrect output format for test file 3
"
"h26115aa
",0,0,0,"No file output or incorrect output format for test file 1
No file output or incorrect output format for test file 2
No file output or incorrect output format for test file 3
"
"p91607ma
",1,1,0,"Correct checking for file 1
Correct checking for file 2
Incorrect checking for file 3
"
"p06411ua
",0,0,0,"No file output or incorrect output format for test file 1
No file output or incorrect output format for test file 2
No file output or incorrect output format for test file 3
"
"m55182va
",1,1,0,"Correct checking for file 1
Correct checking for file 2
Incorrect checking for file 3
"
"h64203za
",1,1,0,"Correct checking for file 1
Correct checking for file 2
Incorrect checking for file 3
"
"t50885aa
",1,0,0,"Correct checking for file 1
Incorrect checking for file 2
Incorrect checking for file 3
"
"b91517ea
",1,1,1,"Correct checking for file 1
Correct checking for file 2
Correct checking for file 3
"
"y59276ma
",0,0,0,"No file output or incorrect output format for test file 1
No file output or incorrect output format for test file 2
No file output or incorrect output format for test file 3
"
"p55643na
",1,1,0,"Correct checking for file 1
Correct checking for file 2
Incorrect checking for file 3
"
"j29815fa
",1,1,1,"Correct checking for file 1
Correct checking for file 2
Correct checking for file 3
"
"p80249ra
",0,0,0,"No file output or incorrect output format for test file 1
No file output or incorrect output format for test file 2
No file output or incorrect output format for test file 3
"
"s55264aa
",1,1,1,"Correct checking for file 1
Correct checking for file 2
Correct checking for file 3
"
"p17540oa
",0,0,0,"Incorrect checking for file 1
Incorrect checking for file 2
Incorrect checking for file 3
"
"r88993ia
",1,1,0,"Correct checking for file 1
Correct checking for file 2
Incorrect checking for file 3
"
"m65670fa
",0,0,0,"No file output or incorrect output format for test file 1
No file output or incorrect output format for test file 2
No file output or incorrect output format for test file 3
"
"j09180ga
",1,1,0,"Correct checking for file 1
Correct checking for file 2
Incorrect checking for file 3
"
"d03211aa
",0,0,0,"No file output or incorrect output format for test file 1
No file output or incorrect output format for test file 2
No file output or incorrect output format for test file 3
"
"f63279ma
",1,1,0,"Correct checking for file 1
Correct checking for file 2
Incorrect checking for file 3
"
"j14088na
",1,1,0,"Correct checking for file 1
Correct checking for file 2
Incorrect checking for file 3
"
"h70565na
",0,0,0,"No file output or incorrect output format for test file 1
No file output or incorrect output format for test file 2
No file output or incorrect output format for test file 3
"
"y69004la
",0,0,0,"No file output or incorrect output format for test file 1
No file output or incorrect output format for test file 2
No file output or incorrect output format for test file 3
"
"y59426ra
",1,1,0,"Correct checking for file 1
Correct checking for file 2
Incorrect checking for file 3
"
"p93899aa
",1,1,0,"Correct checking for file 1
Correct checking for file 2
Incorrect checking for file 3
"
"s03884aa
",0,0,0,"No file output or incorrect output format for test file 1
No file output or incorrect output format for test file 2
No file output or incorrect output format for test file 3
"
"b48871sa
",0,0,0,"No file output or incorrect output format for test file 1
No file output or incorrect output format for test file 2
No file output or incorrect output format for test file 3
"
"m01964ua
",0,0,0,"No file output or incorrect output format for test file 1
No file output or incorrect output format for test file 2
No file output or incorrect output format for test file 3
"
"e37076ka
",0,0,0,"Incorrect checking for file 1
Incorrect checking for file 2
Incorrect checking for file 3
"
"r50263ma
",1,1,0,"Correct checking for file 1
Correct checking for file 2
Incorrect checking for file 3
"
"f54617sa
",1,1,0,"Correct checking for file 1
Correct checking for file 2
Incorrect checking for file 3
"
"s58860aa
",1,1,0,"Correct checking for file 1
Correct checking for file 2
Incorrect checking for file 3
"
"c81776oa
",1,1,0,"Correct checking for file 1
Correct checking for file 2
Incorrect checking for file 3
"
"x74657fa
",1,1,1,"Correct checking for file 1
Correct checking for file 2
Correct checking for file 3
"
"p01679ma
",0,0,0,"No file output or incorrect output format for test file 1
No file output or incorrect output format for test file 2
No file output or incorrect output format for test file 3
"
"e17646fa
",1,1,0,"Correct checking for file 1
Correct checking for file 2
Incorrect checking for file 3
"
"f01643ka
",0,0,0,"No file output or incorrect output format for test file 1
No file output or incorrect output format for test file 2
No file output or incorrect output format for test file 3
"
"v80015aa
",1,1,0,"Correct checking for file 1
Correct checking for file 2
Incorrect checking for file 3
"
"s09672ba
",0,0,0,"No file output or incorrect output format for test file 1
No file output or incorrect output format for test file 2
No file output or incorrect output format for test file 3
"
"w65214ka
",1,1,1,"Correct checking for file 1
Correct checking for file 2
Correct checking for file 3
"
"m46198sa
",0,0,0,"No file output or incorrect output format for test file 1
No file output or incorrect output format for test file 2
No file output or incorrect output format for test file 3
"
"q26752aa
",0,0,0,"No file output or incorrect output format for test file 1
No file output or incorrect output format for test file 2
No file output or incorrect output format for test file 3
"
"n79777aa
",1,1,0,"Correct checking for file 1
Correct checking for file 2
Incorrect checking for file 3
"
"s50548ma
",0,0,0,"Incorrect checking for file 1
Incorrect checking for file 2
Incorrect checking for file 3
"
"s68250ma
",1,1,0,"Correct checking for file 1
Correct checking for file 2
Incorrect checking for file 3
"
"m57983ma
",0,0,0,"No file output or incorrect output format for test file 1
No file output or incorrect output format for test file 2
No file output or incorrect output format for test file 3
"
"p15748aa
",1,1,0,"Correct checking for file 1
Correct checking for file 2
Incorrect checking for file 3
"
"a08872aa
",0,1,1,"Incorrect checking for file 1
Correct checking for file 2
Correct checking for file 3
"
"u95206ma
",1,1,0,"Correct checking for file 1
Correct checking for file 2
Incorrect checking for file 3
"
"g78896na
",0,1,0,"Incorrect checking for file 1
Correct checking for file 2
Incorrect checking for file 3
"
"e55646sa
",0,0,0,"No file output or incorrect output format for test file 1
No file output or incorrect output format for test file 2
No file output or incorrect output format for test file 3
"
"j49970fa
",0,1,0,"Incorrect checking for file 1
Correct checking for file 2
Incorrect checking for file 3
"
"s74996sa
",0,0,0,"No file output or incorrect output format for test file 1
No file output or incorrect output format for test file 2
No file output or incorrect output format for test file 3
"
"h20233aa
",0,0,0,"No file output or incorrect output format for test file 1
No file output or incorrect output format for test file 2
No file output or incorrect output format for test file 3
"
"m17832wa
",0,0,0,"No file output or incorrect output format for test file 1
No file output or incorrect output format for test file 2
No file output or incorrect output format for test file 3
"
"r22997aa
",1,1,0,"Correct checking for file 1
Correct checking for file 2
Incorrect checking for file 3
"
"b69141na
",0,0,0,"No file output or incorrect output format for test file 1
No file output or incorrect output format for test file 2
No file output or incorrect output format for test file 3
"
"y96758ma
",1,1,1,"Correct checking for file 1
Correct checking for file 2
Correct checking for file 3
"
"y78202oa
",1,1,0,"Correct checking for file 1
Correct checking for file 2
Incorrect checking for file 3
"
"q05506bb
",0,0,0,"No file output or incorrect output format for test file 1
No file output or incorrect output format for test file 2
No file output or incorrect output format for test file 3
"
"w73862jb
",1,1,1,"Correct checking for file 1
Correct checking for file 2
Correct checking for file 3
"
"a43986rb
",0,0,0,"No file output or incorrect output format for test file 1
No file output or incorrect output format for test file 2
No file output or incorrect output format for test file 3
"
"f05815rb
",1,1,0,"Correct checking for file 1
Correct checking for file 2
Incorrect checking for file 3
"
"j16919mb
",1,1,1,"Correct checking for file 1
Correct checking for file 2
Correct checking for file 3
"
"z39535rb
",1,1,0,"Correct checking for file 1
Correct checking for file 2
Incorrect checking for file 3
"
"z89079mb
",1,1,0,"Correct checking for file 1
Correct checking for file 2
Incorrect checking for file 3
"
"w75724sb
",0,0,0,"No file output or incorrect output format for test file 1
No file output or incorrect output format for test file 2
No file output or incorrect output format for test file 3
"
"v36373bb
",1,1,0,"Correct checking for file 1
Correct checking for file 2
Incorrect checking for file 3
"
"v31903mb
",1,1,0,"Correct checking for file 1
Correct checking for file 2
Incorrect checking for file 3
"
"r89835eb
",1,0,0,"Correct checking for file 1
Incorrect checking for file 2
Incorrect checking for file 3
"
"n61655sb
",1,1,0,"Correct checking for file 1
Correct checking for file 2
Incorrect checking for file 3
"
"q86352bb
",1,1,0,"Correct checking for file 1
Correct checking for file 2
Incorrect checking for file 3
"
"e78508hb
",1,1,1,"Correct checking for file 1
Correct checking for file 2
Correct checking for file 3
"
"u89014ab
",0,0,0,"No file output or incorrect output format for test file 1
No file output or incorrect output format for test file 2
No file output or incorrect output format for test file 3
"
"s29576tb
",0,0,0,"No file output or incorrect output format for test file 1
No file output or incorrect output format for test file 2
No file output or incorrect output format for test file 3
"
"h19953mb
",0,0,0,"No file output or incorrect output format for test file 1
No file output or incorrect output format for test file 2
No file output or incorrect output format for test file 3
"
"f25035sb
",0,0,0,"No file output or incorrect output format for test file 1
No file output or incorrect output format for test file 2
No file output or incorrect output format for test file 3
"
"s63644vb
",1,1,0,"Correct checking for file 1
Correct checking for file 2
Incorrect checking for file 3
"
"q53226rb
",1,1,0,"Correct checking for file 1
Correct checking for file 2
Incorrect checking for file 3
"
"g21434rb
",1,1,1,"Correct checking for file 1
Correct checking for file 2
Correct checking for file 3
"
"p44797jb
",1,1,0,"Correct checking for file 1
Correct checking for file 2
Incorrect checking for file 3
"
"b64065ab
",0,0,0,"Incorrect checking for file 1
Incorrect checking for file 2
Incorrect checking for file 3
"
"j90095jb
",1,1,0,"Correct checking for file 1
Correct checking for file 2
Incorrect checking for file 3
"
"f92301jb
",1,1,0,"Correct checking for file 1
Correct checking for file 2
Incorrect checking for file 3
"
"p80873ab
",0,0,0,"No file output or incorrect output format for test file 1
No file output or incorrect output format for test file 2
No file output or incorrect output format for test file 3
"
"h08963ob
",1,1,0,"Correct checking for file 1
Correct checking for file 2
Incorrect checking for file 3
"
"c20818hb
",0,0,0,"No file output or incorrect output format for test file 1
No file output or incorrect output format for test file 2
No file output or incorrect output format for test file 3
"
"v41567lb
",1,1,0,"Correct checking for file 1
Correct checking for file 2
Incorrect checking for file 3
"
"k78886jb
",1,1,1,"Correct checking for file 1
Correct checking for file 2
Correct checking for file 3
"
"c28644ab
",1,1,0,"Correct checking for file 1
Correct checking for file 2
Incorrect checking for file 3
"
"h00203pb
",1,1,0,"Correct checking for file 1
Correct checking for file 2
Incorrect checking for file 3
"
"j96409sb
",0,0,0,"Incorrect checking for file 1
Incorrect checking for file 2
Incorrect checking for file 3
"
"m18453ab
",1,1,0,"Correct checking for file 1
Correct checking for file 2
Incorrect checking for file 3
"
"y77372db
",0,0,0,"No file output or incorrect output format for test file 1
No file output or incorrect output format for test file 2
No file output or incorrect output format for test file 3
"
"a11694mc
",0,0,0,"No file output or incorrect output format for test file 1
No file output or incorrect output format for test file 2
No file output or incorrect output format for test file 3
"
"h15879ac
",0,0,0,"No file output or incorrect output format for test file 1
No file output or incorrect output format for test file 2
No file output or incorrect output format for test file 3
"
"r56325cc
",0,0,0,"No file output or incorrect output format for test file 1
No file output or incorrect output format for test file 2
No file output or incorrect output format for test file 3
"
"y36340hc
",0,0,0,"No file output or incorrect output format for test file 1
No file output or incorrect output format for test file 2
No file output or incorrect output format for test file 3
"
"q57044nc
",1,1,0,"Correct checking for file 1
Correct checking for file 2
Incorrect checking for file 3
"
"h54023kc
",1,1,0,"Correct checking for file 1
Correct checking for file 2
Incorrect checking for file 3
"
"j06724tc
",0,0,0,"Incorrect checking for file 1
Incorrect checking for file 2
Incorrect checking for file 3
"
"v14799cc
",0,0,0,"Incorrect checking for file 1
Incorrect checking for file 2
Incorrect checking for file 3
"
"u60770mc
",0,0,0,"No file output or incorrect output format for test file 1
No file output or incorrect output format for test file 2
No file output or incorrect output format for test file 3
"
"g71830mc
",0,0,0,"No file output or incorrect output format for test file 1
No file output or incorrect output format for test file 2
No file output or incorrect output format for test file 3
"
"z16075sc
",1,1,0,"Correct checking for file 1
Correct checking for file 2
Incorrect checking for file 3
"
"v65391yc
",1,1,0,"Correct checking for file 1
Correct checking for file 2
Incorrect checking for file 3
"
"a65914zc
",0,0,0,"Incorrect checking for file 1
Incorrect checking for file 2
Incorrect checking for file 3
"
"n25359ec
",1,1,0,"Correct checking for file 1
Correct checking for file 2
Incorrect checking for file 3
"
"r83187jc
",1,1,1,"Correct checking for file 1
Correct checking for file 2
Correct checking for file 3
"
"g86908rc
",0,0,0,"No file output or incorrect output format for test file 1
No file output or incorrect output format for test file 2
No file output or incorrect output format for test file 3
"
"b95211hc
",0,0,0,"No file output or incorrect output format for test file 1
No file output or incorrect output format for test file 2
No file output or incorrect output format for test file 3
"
"p50391tc
",0,0,0,"No file output or incorrect output format for test file 1
No file output or incorrect output format for test file 2
No file output or incorrect output format for test file 3
"
"q18662ac
",0,0,0,"No file output or incorrect output format for test file 1
No file output or incorrect output format for test file 2
No file output or incorrect output format for test file 3
"
"a07230cc
",0,0,0,"Incorrect checking for file 1
Incorrect checking for file 2
Incorrect checking for file 3
"
"e11226oc
",1,0,0,"Correct checking for file 1
Incorrect checking for file 2
Incorrect checking for file 3
"
"h06023jc
",1,1,0,"Correct checking for file 1
Correct checking for file 2
Incorrect checking for file 3
"
"s13506jc
",1,1,0,"Correct checking for file 1
Correct checking for file 2
Incorrect checking for file 3
"
"h89565jc
",1,1,1,"Correct checking for file 1
Correct checking for file 2
Correct checking for file 3
"
"x43615kc
",1,1,0,"Correct checking for file 1
Correct checking for file 2
Incorrect checking for file 3
"
"w21706bc
",1,1,1,"Correct checking for file 1
Correct checking for file 2
Correct checking for file 3
"
"r25329lc
",1,1,1,"Correct checking for file 1
Correct checking for file 2
Correct checking for file 3
"
"c42786tc
",0,0,0,"No file output or incorrect output format for test file 1
No file output or incorrect output format for test file 2
No file output or incorrect output format for test file 3
"
"d50341jc
",1,1,0,"Correct checking for file 1
Correct checking for file 2
Incorrect checking for file 3
"
"p50792sd
",1,1,0,"Correct checking for file 1
Correct checking for file 2
Incorrect checking for file 3
"
"g45512id
",1,1,1,"Correct checking for file 1
Correct checking for file 2
Correct checking for file 3
"
"w48678cd
",1,1,1,"Correct checking for file 1
Correct checking for file 2
Correct checking for file 3
"
"c87452cd
",0,0,0,"No file output or incorrect output format for test file 1
No file output or incorrect output format for test file 2
No file output or incorrect output format for test file 3
"
"x33731ed
",0,0,0,"No file output or incorrect output format for test file 1
No file output or incorrect output format for test file 2
No file output or incorrect output format for test file 3
"
"b12745nd
",1,1,0,"Correct checking for file 1
Correct checking for file 2
Incorrect checking for file 3
"
"e86816fd
",0,0,0,"No file output or incorrect output format for test file 1
No file output or incorrect output format for test file 2
No file output or incorrect output format for test file 3
"
"m59511md
",0,0,0,"No file output or incorrect output format for test file 1
No file output or incorrect output format for test file 2
No file output or incorrect output format for test file 3
"
"q78608sd
",0,0,0,"No file output or incorrect output format for test file 1
No file output or incorrect output format for test file 2
No file output or incorrect output format for test file 3
"
"b39141od
",1,1,0,"Correct checking for file 1
Correct checking for file 2
Incorrect checking for file 3
"
"k14454hd
",0,0,0,"Incorrect checking for file 1
Incorrect checking for file 2
Incorrect checking for file 3
"
"n62189sd
",1,1,0,"Correct checking for file 1
Correct checking for file 2
Incorrect checking for file 3
"
"p49111md
",0,0,0,"No file output or incorrect output format for test file 1
No file output or incorrect output format for test file 2
No file output or incorrect output format for test file 3
"
"j86153jd
",0,1,1,"Incorrect checking for file 1
Correct checking for file 2
Correct checking for file 3
"
"j08328hd
",1,1,0,"Correct checking for file 1
Correct checking for file 2
Incorrect checking for file 3
"
"h10505jd
",0,1,1,"Incorrect checking for file 1
Correct checking for file 2
Correct checking for file 3
"
"f06903rd
",1,1,0,"Correct checking for file 1
Correct checking for file 2
Incorrect checking for file 3
"
"k88166nd
",0,0,0,"No file output or incorrect output format for test file 1
No file output or incorrect output format for test file 2
No file output or incorrect output format for test file 3
"
"j23676kd
",1,1,0,"Correct checking for file 1
Correct checking for file 2
Incorrect checking for file 3
"
"h59035dd
",1,1,0,"Correct checking for file 1
Correct checking for file 2
Incorrect checking for file 3
"
"d62825cd
",0,0,0,"No file output or incorrect output format for test file 1
No file output or incorrect output format for test file 2
No file output or incorrect output format for test file 3
"
"y70582kd
",0,0,0,"Incorrect checking for file 1
Incorrect checking for file 2
Incorrect checking for file 3
"
"k74082yd
",1,1,1,"Correct checking for file 1
Correct checking for file 2
Correct checking for file 3
"
"d72499pd
",1,1,0,"Correct checking for file 1
Correct checking for file 2
Incorrect checking for file 3
"
"j14769hd
",1,1,0,"Correct checking for file 1
Correct checking for file 2
Incorrect checking for file 3
"
"a63140nd
",0,0,0,"No file output or incorrect output format for test file 1
No file output or incorrect output format for test file 2
No file output or incorrect output format for test file 3
"
"p56273gd
",0,0,0,"Incorrect checking for file 1
Incorrect checking for file 2
Incorrect checking for file 3
"
"u25144jd
",0,0,0,"No file output or incorrect output format for test file 1
No file output or incorrect output format for test file 2
No file output or incorrect output format for test file 3
"
"r77503bd
",0,0,0,"No file output or incorrect output format for test file 1
No file output or incorrect output format for test file 2
No file output or incorrect output format for test file 3
"
"h49151gd
",0,0,0,"No file output or incorrect output format for test file 1
No file output or incorrect output format for test file 2
No file output or incorrect output format for test file 3
"
"p72470id
",0,0,0,"No file output or incorrect output format for test file 1
No file output or incorrect output format for test file 2
No file output or incorrect output format for test file 3
"
"t56091yd
",1,0,0,"Correct checking for file 1
Incorrect checking for file 2
Incorrect checking for file 3
"
"x63917cd
",1,1,0,"Correct checking for file 1
Correct checking for file 2
Incorrect checking for file 3
"
"v78643ld
",1,1,1,"Correct checking for file 1
Correct checking for file 2
Correct checking for file 3
"
"k40092ae
",1,1,0,"Correct checking for file 1
Correct checking for file 2
Incorrect checking for file 3
"
"w60078be
",0,0,0,"No file output or incorrect output format for test file 1
No file output or incorrect output format for test file 2
No file output or incorrect output format for test file 3
"
"u18436re
",0,0,0,"No file output or incorrect output format for test file 1
No file output or incorrect output format for test file 2
No file output or incorrect output format for test file 3
"
"n38595ae
",0,0,0,"No file output or incorrect output format for test file 1
No file output or incorrect output format for test file 2
No file output or incorrect output format for test file 3
"
"x43881he
",1,1,0,"Correct checking for file 1
Correct checking for file 2
Incorrect checking for file 3
"
"n95835ce
",0,0,0,"No file output or incorrect output format for test file 1
No file output or incorrect output format for test file 2
No file output or incorrect output format for test file 3
"
"v78159ee
",0,1,0,"Incorrect checking for file 1
Correct checking for file 2
Incorrect checking for file 3
"
"q78216ae
",1,1,1,"Correct checking for file 1
Correct checking for file 2
Correct checking for file 3
"
"d52553je
",1,1,0,"Correct checking for file 1
Correct checking for file 2
Incorrect checking for file 3
"
"u68780be
",1,1,0,"Correct checking for file 1
Correct checking for file 2
Incorrect checking for file 3
"
"j98415kf
",0,0,0,"No file output or incorrect output format for test file 1
No file output or incorrect output format for test file 2
No file output or incorrect output format for test file 3
"
"u61944rf
",1,1,0,"Correct checking for file 1
Correct checking for file 2
Incorrect checking for file 3
"
"j95271zf
",1,1,0,"Correct checking for file 1
Correct checking for file 2
Incorrect checking for file 3
"
"s11642lf
",1,1,0,"Correct checking for file 1
Correct checking for file 2
Incorrect checking for file 3
"
"u35610df
",0,0,0,"No file output or incorrect output format for test file 1
No file output or incorrect output format for test file 2
No file output or incorrect output format for test file 3
"
"h96407tf
",1,1,0,"Correct checking for file 1
Correct checking for file 2
Incorrect checking for file 3
"
"q96128lf
",0,0,0,"No file output or incorrect output format for test file 1
No file output or incorrect output format for test file 2
No file output or incorrect output format for test file 3
"
"n95301jf
",0,0,0,"No file output or incorrect output format for test file 1
No file output or incorrect output format for test file 2
No file output or incorrect output format for test file 3
"
"e64848xf
",0,0,0,"No file output or incorrect output format for test file 1
No file output or incorrect output format for test file 2
No file output or incorrect output format for test file 3
"
"g21898tg
",0,0,0,"No file output or incorrect output format for test file 1
No file output or incorrect output format for test file 2
No file output or incorrect output format for test file 3
"
"e41002vg
",0,0,0,"No file output or incorrect output format for test file 1
No file output or incorrect output format for test file 2
No file output or incorrect output format for test file 3
"
"p56781ng
",0,1,0,"Incorrect checking for file 1
Correct checking for file 2
Incorrect checking for file 3
"
"n86739dg
",0,0,0,"No file output or incorrect output format for test file 1
No file output or incorrect output format for test file 2
No file output or incorrect output format for test file 3
"
"w16910dg
",1,1,0,"Correct checking for file 1
Correct checking for file 2
Incorrect checking for file 3
"
"d66835dg
",1,1,0,"Correct checking for file 1
Correct checking for file 2
Incorrect checking for file 3
"
"j80841pg
",1,1,0,"Correct checking for file 1
Correct checking for file 2
Incorrect checking for file 3
"
"j56995jg
",1,1,0,"Correct checking for file 1
Correct checking for file 2
Incorrect checking for file 3
"
"p23525lg
",1,1,1,"Correct checking for file 1
Correct checking for file 2
Correct checking for file 3
"
"v91365dg
",0,0,0,"No file output or incorrect output format for test file 1
No file output or incorrect output format for test file 2
No file output or incorrect output format for test file 3
"
"y42270sg
",1,1,0,"Correct checking for file 1
Correct checking for file 2
Incorrect checking for file 3
"
"s13496vg
",0,0,0,"No file output or incorrect output format for test file 1
No file output or incorrect output format for test file 2
No file output or incorrect output format for test file 3
"
"m19364tg
",1,1,0,"Correct checking for file 1
Correct checking for file 2
Incorrect checking for file 3
"
"z83313gg
",0,0,0,"No file output or incorrect output format for test file 1
No file output or incorrect output format for test file 2
No file output or incorrect output format for test file 3
"
"x46833ng
",0,0,0,"No file output or incorrect output format for test file 1
No file output or incorrect output format for test file 2
No file output or incorrect output format for test file 3
"
"m17324sg
",0,0,0,"No file output or incorrect output format for test file 1
No file output or incorrect output format for test file 2
No file output or incorrect output format for test file 3
"
"m25334kg
",1,1,0,"Correct checking for file 1
Correct checking for file 2
Incorrect checking for file 3
"
"u34592sg
",0,0,0,"Incorrect checking for file 1
Incorrect checking for file 2
Incorrect checking for file 3
"
"z12203pg
",0,0,0,"No file output or incorrect output format for test file 1
No file output or incorrect output format for test file 2
No file output or incorrect output format for test file 3
"
"h01895cg
",1,1,0,"Correct checking for file 1
Correct checking for file 2
Incorrect checking for file 3
"
"m31181jg
",0,0,0,"No file output or incorrect output format for test file 1
No file output or incorrect output format for test file 2
No file output or incorrect output format for test file 3
"
"p52048kg
",1,1,0,"Correct checking for file 1
Correct checking for file 2
Incorrect checking for file 3
"
"k75018lg
",0,0,0,"No file output or incorrect output format for test file 1
No file output or incorrect output format for test file 2
No file output or incorrect output format for test file 3
"
"f21939kg
",1,1,0,"Correct checking for file 1
Correct checking for file 2
Incorrect checking for file 3
"
"f33805pg
",0,0,0,"No file output or incorrect output format for test file 1
No file output or incorrect output format for test file 2
No file output or incorrect output format for test file 3
"
"b88575jh
",0,0,1,"Incorrect checking for file 1
Incorrect checking for file 2
Correct checking for file 3
"
"s80648sh
",0,0,0,"No file output or incorrect output format for test file 1
No file output or incorrect output format for test file 2
No file output or incorrect output format for test file 3
"
"y99614zh
",1,1,1,"Correct checking for file 1
Correct checking for file 2
Correct checking for file 3
"
"s78014sh
",1,1,1,"Correct checking for file 1
Correct checking for file 2
Correct checking for file 3
"
"h52171rh
",0,0,0,"No file output or incorrect output format for test file 1
No file output or incorrect output format for test file 2
No file output or incorrect output format for test file 3
"
"v30867dh
",0,0,0,"No file output or incorrect output format for test file 1
No file output or incorrect output format for test file 2
No file output or incorrect output format for test file 3
"
"n05919ah
",0,0,0,"No file output or incorrect output format for test file 1
No file output or incorrect output format for test file 2
No file output or incorrect output format for test file 3
"
"n58949ah
",1,1,0,"Correct checking for file 1
Correct checking for file 2
Incorrect checking for file 3
"
"p48652gh
",0,0,0,"No file output or incorrect output format for test file 1
No file output or incorrect output format for test file 2
No file output or incorrect output format for test file 3
"
"c01724bh
",1,1,1,"Correct checking for file 1
Correct checking for file 2
Correct checking for file 3
"
"y72828ah
",1,1,1,"Correct checking for file 1
Correct checking for file 2
Correct checking for file 3
"
"e58876ch
",0,0,0,"Incorrect checking for file 1
Incorrect checking for file 2
Incorrect checking for file 3
"
"s79104mh
",0,0,0,"No file output or incorrect output format for test file 1
No file output or incorrect output format for test file 2
No file output or incorrect output format for test file 3
"
"m42552rh
",1,1,0,"Correct checking for file 1
Correct checking for file 2
Incorrect checking for file 3
"
"u08120fh
",1,1,0,"Correct checking for file 1
Correct checking for file 2
Incorrect checking for file 3
"
"x62165ih
",1,1,1,"Correct checking for file 1
Correct checking for file 2
Correct checking for file 3
"
"j13280mh
",0,0,0,"No file output or incorrect output format for test file 1
No file output or incorrect output format for test file 2
No file output or incorrect output format for test file 3
"
"q90172mh
",0,0,0,"No file output or incorrect output format for test file 1
No file output or incorrect output format for test file 2
No file output or incorrect output format for test file 3
"
"n91491mh
",0,0,0,"No file output or incorrect output format for test file 1
No file output or incorrect output format for test file 2
No file output or incorrect output format for test file 3
"
"j80560hh
",1,1,0,"Correct checking for file 1
Correct checking for file 2
Incorrect checking for file 3
"
"j94115rh
",0,0,0,"No file output or incorrect output format for test file 1
No file output or incorrect output format for test file 2
No file output or incorrect output format for test file 3
"
"d42941ph
",0,0,0,"No file output or incorrect output format for test file 1
No file output or incorrect output format for test file 2
No file output or incorrect output format for test file 3
"
"y62498rh
",0,0,0,"No file output or incorrect output format for test file 1
No file output or incorrect output format for test file 2
No file output or incorrect output format for test file 3
"
"p53237kh
",0,0,0,"No file output or incorrect output format for test file 1
No file output or incorrect output format for test file 2
No file output or incorrect output format for test file 3
"
"b88861sh
",0,0,0,"No file output or incorrect output format for test file 1
No file output or incorrect output format for test file 2
No file output or incorrect output format for test file 3
"
"m32784sh
",0,0,0,"No file output or incorrect output format for test file 1
No file output or incorrect output format for test file 2
No file output or incorrect output format for test file 3
"
"h86959th
",1,0,0,"Correct checking for file 1
Incorrect checking for file 2
Incorrect checking for file 3
"
"u59286dh
",0,0,0,"No file output or incorrect output format for test file 1
No file output or incorrect output format for test file 2
No file output or incorrect output format for test file 3
"
"k23074jh
",0,0,0,"No file output or incorrect output format for test file 1
No file output or incorrect output format for test file 2
No file output or incorrect output format for test file 3
"
"n39349ch
",0,0,0,"No file output or incorrect output format for test file 1
No file output or incorrect output format for test file 2
No file output or incorrect output format for test file 3
"
"w58006bh
",0,0,0,"No file output or incorrect output format for test file 1
No file output or incorrect output format for test file 2
No file output or incorrect output format for test file 3
"
"j73849yh
",1,1,1,"Correct checking for file 1
Correct checking for file 2
Correct checking for file 3
"
"u18382zh
",1,1,0,"Correct checking for file 1
Correct checking for file 2
Incorrect checking for file 3
"
"y02478jh
",0,1,0,"Incorrect checking for file 1
Correct checking for file 2
Incorrect checking for file 3
"
"g70580jh
",0,0,0,"No file output or incorrect output format for test file 1
No file output or incorrect output format for test file 2
No file output or incorrect output format for test file 3
"
"u82766jh
",0,0,0,"No file output or incorrect output format for test file 1
No file output or incorrect output format for test file 2
No file output or incorrect output format for test file 3
"
"m50747jh
",0,0,0,"No file output or incorrect output format for test file 1
No file output or incorrect output format for test file 2
No file output or incorrect output format for test file 3
"
"s89582ph
",0,0,0,"No file output or incorrect output format for test file 1
No file output or incorrect output format for test file 2
No file output or incorrect output format for test file 3
"
"e71568qh
",0,0,0,"No file output or incorrect output format for test file 1
No file output or incorrect output format for test file 2
No file output or incorrect output format for test file 3
"
"w24218sh
",0,0,0,"No file output or incorrect output format for test file 1
No file output or incorrect output format for test file 2
No file output or incorrect output format for test file 3
"
"a24872zh
",1,1,1,"Correct checking for file 1
Correct checking for file 2
Correct checking for file 3
"
"c48306ah
",1,1,0,"Correct checking for file 1
Correct checking for file 2
Incorrect checking for file 3
"
"h32647nh
",1,1,1,"Correct checking for file 1
Correct checking for file 2
Correct checking for file 3
"
"n80569fh
",1,1,0,"Correct checking for file 1
Correct checking for file 2
Incorrect checking for file 3
"
"p31278rh
",0,0,0,"No file output or incorrect output format for test file 1
No file output or incorrect output format for test file 2
No file output or incorrect output format for test file 3
"
"q00848wh
",1,1,0,"Correct checking for file 1
Correct checking for file 2
Incorrect checking for file 3
"
"c60952ti
",0,0,0,"No file output or incorrect output format for test file 1
No file output or incorrect output format for test file 2
No file output or incorrect output format for test file 3
"
"h06559hi
",0,0,0,"No file output or incorrect output format for test file 1
No file output or incorrect output format for test file 2
No file output or incorrect output format for test file 3
"
"b42667ni
",0,0,0,"No file output or incorrect output format for test file 1
No file output or incorrect output format for test file 2
No file output or incorrect output format for test file 3
"
"n66033ai
",0,1,0,"Incorrect checking for file 1
Correct checking for file 2
Incorrect checking for file 3
"
"z70469ai
",0,0,0,"No file output or incorrect output format for test file 1
No file output or incorrect output format for test file 2
No file output or incorrect output format for test file 3
"
"r85193di
",0,0,0,"No file output or incorrect output format for test file 1
No file output or incorrect output format for test file 2
No file output or incorrect output format for test file 3
"
"g33966si
",1,1,1,"Correct checking for file 1
Correct checking for file 2
Correct checking for file 3
"
"d71343si
",1,1,0,"Correct checking for file 1
Correct checking for file 2
Incorrect checking for file 3
"
"r61875lj
",1,1,0,"Correct checking for file 1
Correct checking for file 2
Incorrect checking for file 3
"
"e00336tj
",0,0,0,"No file output or incorrect output format for test file 1
No file output or incorrect output format for test file 2
No file output or incorrect output format for test file 3
"
"k20826aj
",0,0,0,"No file output or incorrect output format for test file 1
No file output or incorrect output format for test file 2
No file output or incorrect output format for test file 3
"
"j39317jj
",0,0,0,"No file output or incorrect output format for test file 1
No file output or incorrect output format for test file 2
No file output or incorrect output format for test file 3
"
"m42677js
",0,0,0,"No file output or incorrect output format for test file 1
No file output or incorrect output format for test file 2
No file output or incorrect output format for test file 3
"
"r27413tj
",0,0,0,"No file output or incorrect output format for test file 1
No file output or incorrect output format for test file 2
No file output or incorrect output format for test file 3
"
"u00074aj
",0,0,0,"No file output or incorrect output format for test file 1
No file output or incorrect output format for test file 2
No file output or incorrect output format for test file 3
"
"q22650aj
",1,1,1,"Correct checking for file 1
Correct checking for file 2
Correct checking for file 3
"
"g15612dj
",0,0,0,"No file output or incorrect output format for test file 1
No file output or incorrect output format for test file 2
No file output or incorrect output format for test file 3
"
"t28107tj
",1,1,0,"Correct checking for file 1
Correct checking for file 2
Incorrect checking for file 3
"
"e86238yj
",0,0,0,"No file output or incorrect output format for test file 1
No file output or incorrect output format for test file 2
No file output or incorrect output format for test file 3
"
"v12433ak
",0,0,0,"Incorrect checking for file 1
Incorrect checking for file 2
Incorrect checking for file 3
"
"v04109yk
",0,0,0,"No file output or incorrect output format for test file 1
No file output or incorrect output format for test file 2
No file output or incorrect output format for test file 3
"
"p75341vk
",1,1,0,"Correct checking for file 1
Correct checking for file 2
Incorrect checking for file 3
"
"m84249pk
",1,1,0,"Correct checking for file 1
Correct checking for file 2
Incorrect checking for file 3
"
"w64810ak
",0,0,0,"No file output or incorrect output format for test file 1
No file output or incorrect output format for test file 2
No file output or incorrect output format for test file 3
"
"y45718mk
",0,0,0,"No file output or incorrect output format for test file 1
No file output or incorrect output format for test file 2
No file output or incorrect output format for test file 3
"
"u38012ek
",1,1,1,"Correct checking for file 1
Correct checking for file 2
Correct checking for file 3
"
"f37609ak
",1,1,0,"Correct checking for file 1
Correct checking for file 2
Incorrect checking for file 3
"
"d05847mk
",0,0,0,"No file output or incorrect output format for test file 1
No file output or incorrect output format for test file 2
No file output or incorrect output format for test file 3
"
"m85559mk
",1,1,0,"Correct checking for file 1
Correct checking for file 2
Incorrect checking for file 3
"
"j34330vk
",1,1,0,"Correct checking for file 1
Correct checking for file 2
Incorrect checking for file 3
"
"z35437sk
",0,0,0,"Incorrect checking for file 1
Incorrect checking for file 2
Incorrect checking for file 3
"
"k77872uk
",1,1,0,"Correct checking for file 1
Correct checking for file 2
Incorrect checking for file 3
"
"j33990dk
",0,0,0,"No file output or incorrect output format for test file 1
No file output or incorrect output format for test file 2
No file output or incorrect output format for test file 3
"
"h04151jk
",0,0,0,"No file output or incorrect output format for test file 1
No file output or incorrect output format for test file 2
No file output or incorrect output format for test file 3
"
"h37701dk
",1,1,1,"Correct checking for file 1
Correct checking for file 2
Correct checking for file 3
"
"n37169dk
",1,0,0,"Correct checking for file 1
Incorrect checking for file 2
Incorrect checking for file 3
"
"a98714zk
",1,1,0,"Correct checking for file 1
Correct checking for file 2
Incorrect checking for file 3
"
"h45007bk
",1,1,0,"Correct checking for file 1
Correct checking for file 2
Incorrect checking for file 3
"
"t56563bk
",1,1,0,"Correct checking for file 1
Correct checking for file 2
Incorrect checking for file 3
"
"y44694jk
",1,1,0,"Correct checking for file 1
Correct checking for file 2
Incorrect checking for file 3
"
"m73648ak
",0,0,0,"No file output or incorrect output format for test file 1
No file output or incorrect output format for test file 2
No file output or incorrect output format for test file 3
"
"j52026pk
",0,0,0,"No file output or incorrect output format for test file 1
No file output or incorrect output format for test file 2
No file output or incorrect output format for test file 3
"
"e22628ak
",1,1,1,"Correct checking for file 1
Correct checking for file 2
Correct checking for file 3
"
"p70810yk
",0,0,0,"No file output or incorrect output format for test file 1
No file output or incorrect output format for test file 2
No file output or incorrect output format for test file 3
"
"c93472yk
",0,0,0,"No file output or incorrect output format for test file 1
No file output or incorrect output format for test file 2
No file output or incorrect output format for test file 3
"
"p29365al
",0,0,0,"Incorrect checking for file 1
Incorrect checking for file 2
Incorrect checking for file 3
"
"a98056wl
",1,1,0,"Correct checking for file 1
Correct checking for file 2
Incorrect checking for file 3
"
"q17766yl
",1,1,0,"Correct checking for file 1
Correct checking for file 2
Incorrect checking for file 3
"
"z49927gl
",0,0,0,"No file output or incorrect output format for test file 1
No file output or incorrect output format for test file 2
No file output or incorrect output format for test file 3
"
"f13855hl
",1,1,0,"Correct checking for file 1
Correct checking for file 2
Incorrect checking for file 3
"
"q94072jl
",1,1,0,"Correct checking for file 1
Correct checking for file 2
Incorrect checking for file 3
"
"y40034sl
",0,0,0,"No file output or incorrect output format for test file 1
No file output or incorrect output format for test file 2
No file output or incorrect output format for test file 3
"
"k73092al
",0,0,0,"No file output or incorrect output format for test file 1
No file output or incorrect output format for test file 2
No file output or incorrect output format for test file 3
"
"y66466tl
",0,0,0,"No file output or incorrect output format for test file 1
No file output or incorrect output format for test file 2
No file output or incorrect output format for test file 3
"
"y41988al
",0,0,0,"No file output or incorrect output format for test file 1
No file output or incorrect output format for test file 2
No file output or incorrect output format for test file 3
"
"d30839jl
",0,0,0,"No file output or incorrect output format for test file 1
No file output or incorrect output format for test file 2
No file output or incorrect output format for test file 3
"
"j13667wl
",0,0,0,"No file output or incorrect output format for test file 1
No file output or incorrect output format for test file 2
No file output or incorrect output format for test file 3
"
"u75904yl
",0,1,0,"Incorrect checking for file 1
Correct checking for file 2
Incorrect checking for file 3
"
"p68686gl
",0,0,0,"No file output or incorrect output format for test file 1
No file output or incorrect output format for test file 2
No file output or incorrect output format for test file 3
"
"w15122jl
",0,1,1,"Incorrect checking for file 1
Correct checking for file 2
Correct checking for file 3
"
"w80290jl
",1,1,1,"Correct checking for file 1
Correct checking for file 2
Correct checking for file 3
"
"j45220sl
",0,0,0,"No file output or incorrect output format for test file 1
No file output or incorrect output format for test file 2
No file output or incorrect output format for test file 3
"
"p07229sl
",0,0,0,"No file output or incorrect output format for test file 1
No file output or incorrect output format for test file 2
No file output or incorrect output format for test file 3
"
"g78196wl
",0,0,0,"No file output or incorrect output format for test file 1
No file output or incorrect output format for test file 2
No file output or incorrect output format for test file 3
"
"f93937xl
",1,1,0,"Correct checking for file 1
Correct checking for file 2
Incorrect checking for file 3
"
"x12691yl
",1,1,0,"Correct checking for file 1
Correct checking for file 2
Incorrect checking for file 3
"
"e23170zl
",0,0,0,"No file output or incorrect output format for test file 1
No file output or incorrect output format for test file 2
No file output or incorrect output format for test file 3
"
"c00182zl
",0,0,0,"No file output or incorrect output format for test file 1
No file output or incorrect output format for test file 2
No file output or incorrect output format for test file 3
"
"j36001zl
",1,0,1,"Correct checking for file 1
Incorrect checking for file 2
Correct checking for file 3
"
"u60328el
",0,0,0,"No file output or incorrect output format for test file 1
No file output or incorrect output format for test file 2
No file output or incorrect output format for test file 3
"
"h60953dl
",0,1,0,"Incorrect checking for file 1
Correct checking for file 2
Incorrect checking for file 3
"
"a60628wl
",0,0,0,"No file output or incorrect output format for test file 1
No file output or incorrect output format for test file 2
No file output or incorrect output format for test file 3
"
"r00979hl
",1,1,1,"Correct checking for file 1
Correct checking for file 2
Correct checking for file 3
"
"r86515xl
",1,1,0,"Correct checking for file 1
Correct checking for file 2
Incorrect checking for file 3
"
"s93700yl
",1,1,0,"Correct checking for file 1
Correct checking for file 2
Incorrect checking for file 3
"
"x36049yl
",0,0,0,"No file output or incorrect output format for test file 1
No file output or incorrect output format for test file 2
No file output or incorrect output format for test file 3
"
"j29115zl
",0,0,0,"No file output or incorrect output format for test file 1
No file output or incorrect output format for test file 2
No file output or incorrect output format for test file 3
"
"r21857jl
",1,1,0,"Correct checking for file 1
Correct checking for file 2
Incorrect checking for file 3
"
"p67189ml
",1,0,0,"Correct checking for file 1
Incorrect checking for file 2
Incorrect checking for file 3
"
"j59004hl
",1,1,0,"Correct checking for file 1
Correct checking for file 2
Incorrect checking for file 3
"
"c29824zl
",1,1,0,"Correct checking for file 1
Correct checking for file 2
Incorrect checking for file 3
"
"w25464il
",1,1,0,"Correct checking for file 1
Correct checking for file 2
Incorrect checking for file 3
"
"d47007el
",1,1,0,"Correct checking for file 1
Correct checking for file 2
Incorrect checking for file 3
"
"j81448im
",0,0,0,"No file output or incorrect output format for test file 1
No file output or incorrect output format for test file 2
No file output or incorrect output format for test file 3
"
"r07539ym
",0,0,0,"No file output or incorrect output format for test file 1
No file output or incorrect output format for test file 2
No file output or incorrect output format for test file 3
"
"b26193dm
",1,1,0,"Correct checking for file 1
Correct checking for file 2
Incorrect checking for file 3
"
"n50699mm
",0,0,0,"No file output or incorrect output format for test file 1
No file output or incorrect output format for test file 2
No file output or incorrect output format for test file 3
"
"k47680dm
",1,1,0,"Correct checking for file 1
Correct checking for file 2
Incorrect checking for file 3
"
"n07219hm
",0,0,0,"No file output or incorrect output format for test file 1
No file output or incorrect output format for test file 2
No file output or incorrect output format for test file 3
"
"j90992mm
",0,0,0,"No file output or incorrect output format for test file 1
No file output or incorrect output format for test file 2
No file output or incorrect output format for test file 3
"
"p37429am
",1,0,0,"Correct checking for file 1
Incorrect checking for file 2
Incorrect checking for file 3
"
"m03777am
",0,0,0,"No file output or incorrect output format for test file 1
No file output or incorrect output format for test file 2
No file output or incorrect output format for test file 3
"
"j79871am
",0,0,0,"No file output or incorrect output format for test file 1
No file output or incorrect output format for test file 2
No file output or incorrect output format for test file 3
"
"j78134fm
",1,1,1,"Correct checking for file 1
Correct checking for file 2
Correct checking for file 3
"
"m08320mm
",1,1,0,"Correct checking for file 1
Correct checking for file 2
Incorrect checking for file 3
"
"t30023mm
",0,0,0,"No file output or incorrect output format for test file 1
No file output or incorrect output format for test file 2
No file output or incorrect output format for test file 3
"
"k92160ym
",0,0,0,"No file output or incorrect output format for test file 1
No file output or incorrect output format for test file 2
No file output or incorrect output format for test file 3
"
"s23522ym
",1,1,0,"Correct checking for file 1
Correct checking for file 2
Incorrect checking for file 3
"
"e80626nm
",0,0,0,"No file output or incorrect output format for test file 1
No file output or incorrect output format for test file 2
No file output or incorrect output format for test file 3
"
"b11903lm
",0,0,0,"No file output or incorrect output format for test file 1
No file output or incorrect output format for test file 2
No file output or incorrect output format for test file 3
"
"t74769sm
",1,1,0,"Correct checking for file 1
Correct checking for file 2
Incorrect checking for file 3
"
"h56505hm
",0,0,0,"No file output or incorrect output format for test file 1
No file output or incorrect output format for test file 2
No file output or incorrect output format for test file 3
"
"b05899em
",0,0,0,"No file output or incorrect output format for test file 1
No file output or incorrect output format for test file 2
No file output or incorrect output format for test file 3
"
"k98956fm
",0,0,0,"No file output or incorrect output format for test file 1
No file output or incorrect output format for test file 2
No file output or incorrect output format for test file 3
"
"x32001nm
",0,0,0,"No file output or incorrect output format for test file 1
No file output or incorrect output format for test file 2
No file output or incorrect output format for test file 3
"
"n66837sm
",0,0,0,"No file output or incorrect output format for test file 1
No file output or incorrect output format for test file 2
No file output or incorrect output format for test file 3
"
"k42524cm
",1,1,0,"Correct checking for file 1
Correct checking for file 2
Incorrect checking for file 3
"
"h34091sm
",0,0,0,"No file output or incorrect output format for test file 1
No file output or incorrect output format for test file 2
No file output or incorrect output format for test file 3
"
"e88144wm
",1,1,0,"Correct checking for file 1
Correct checking for file 2
Incorrect checking for file 3
"
"p37736sm
",0,0,0,"No file output or incorrect output format for test file 1
No file output or incorrect output format for test file 2
No file output or incorrect output format for test file 3
"
"b78373dm
",1,1,1,"Correct checking for file 1
Correct checking for file 2
Correct checking for file 3
"
"p94302hm
",0,0,0,"No file output or incorrect output format for test file 1
No file output or incorrect output format for test file 2
No file output or incorrect output format for test file 3
"
"m92824cm
",0,0,0,"No file output or incorrect output format for test file 1
No file output or incorrect output format for test file 2
No file output or incorrect output format for test file 3
"
"n03227rm
",1,0,0,"Correct checking for file 1
Incorrect checking for file 2
Incorrect checking for file 3
"
"d00499dm
",0,0,0,"No file output or incorrect output format for test file 1
No file output or incorrect output format for test file 2
No file output or incorrect output format for test file 3
"
"d20477sn
",0,0,0,"No file output or incorrect output format for test file 1
No file output or incorrect output format for test file 2
No file output or incorrect output format for test file 3
"
"f15107sn
",0,0,0,"No file output or incorrect output format for test file 1
No file output or incorrect output format for test file 2
No file output or incorrect output format for test file 3
"
"q89254rn
",1,1,0,"Correct checking for file 1
Correct checking for file 2
Incorrect checking for file 3
"
"h63651bn
",1,1,0,"Correct checking for file 1
Correct checking for file 2
Incorrect checking for file 3
"
"n72421tn
",0,0,0,"No file output or incorrect output format for test file 1
No file output or incorrect output format for test file 2
No file output or incorrect output format for test file 3
"
"y55928xn
",0,0,0,"No file output or incorrect output format for test file 1
No file output or incorrect output format for test file 2
No file output or incorrect output format for test file 3
"
"q10556rn
",1,1,0,"Correct checking for file 1
Correct checking for file 2
Incorrect checking for file 3
"
"z34983bo
",0,0,0,"No file output or incorrect output format for test file 1
No file output or incorrect output format for test file 2
No file output or incorrect output format for test file 3
"
"t56225ro
",0,0,0,"No file output or incorrect output format for test file 1
No file output or incorrect output format for test file 2
No file output or incorrect output format for test file 3
"
"m38874oo
",0,0,0,"No file output or incorrect output format for test file 1
No file output or incorrect output format for test file 2
No file output or incorrect output format for test file 3
"
"q77644po
",1,1,0,"Correct checking for file 1
Correct checking for file 2
Incorrect checking for file 3
"
"z74185ho
",1,1,0,"Correct checking for file 1
Correct checking for file 2
Incorrect checking for file 3
"
"h13549so
",0,0,0,"No file output or incorrect output format for test file 1
No file output or incorrect output format for test file 2
No file output or incorrect output format for test file 3
"
"h19243yp
",0,0,0,"No file output or incorrect output format for test file 1
No file output or incorrect output format for test file 2
No file output or incorrect output format for test file 3
"
"y48410ap
",1,1,0,"Correct checking for file 1
Correct checking for file 2
Incorrect checking for file 3
"
"h18609dp
",0,0,0,"No file output or incorrect output format for test file 1
No file output or incorrect output format for test file 2
No file output or incorrect output format for test file 3
"
"s42704jp
",0,0,0,"No file output or incorrect output format for test file 1
No file output or incorrect output format for test file 2
No file output or incorrect output format for test file 3
"
"f49277np
",0,0,0,"No file output or incorrect output format for test file 1
No file output or incorrect output format for test file 2
No file output or incorrect output format for test file 3
"
"g39786dp
",1,1,0,"Correct checking for file 1
Correct checking for file 2
Incorrect checking for file 3
"
"j81034dp
",1,1,0,"Correct checking for file 1
Correct checking for file 2
Incorrect checking for file 3
"
"h18603tp
",0,0,0,"No file output or incorrect output format for test file 1
No file output or incorrect output format for test file 2
No file output or incorrect output format for test file 3
"
"p86963sp
",0,0,0,"No file output or incorrect output format for test file 1
No file output or incorrect output format for test file 2
No file output or incorrect output format for test file 3
"
"x09137dp
",1,1,0,"Correct checking for file 1
Correct checking for file 2
Incorrect checking for file 3
"
"e40494op
",1,1,0,"Correct checking for file 1
Correct checking for file 2
Incorrect checking for file 3
"
"h61781jp
",0,0,0,"No file output or incorrect output format for test file 1
No file output or incorrect output format for test file 2
No file output or incorrect output format for test file 3
"
"q44958jp
",1,1,0,"Correct checking for file 1
Correct checking for file 2
Incorrect checking for file 3
"
"j96158ap
",1,1,0,"Correct checking for file 1
Correct checking for file 2
Incorrect checking for file 3
"
"v55941np
",0,0,0,"No file output or incorrect output format for test file 1
No file output or incorrect output format for test file 2
No file output or incorrect output format for test file 3
"
"z90677pp
",1,1,1,"Correct checking for file 1
Correct checking for file 2
Correct checking for file 3
"
"k96010wp
",0,0,0,"No file output or incorrect output format for test file 1
No file output or incorrect output format for test file 2
No file output or incorrect output format for test file 3
"
"p72426yp
",1,1,1,"Correct checking for file 1
Correct checking for file 2
Correct checking for file 3
"
"r56677rp
",1,1,0,"Correct checking for file 1
Correct checking for file 2
Incorrect checking for file 3
"
"p98424rp
",0,0,0,"No file output or incorrect output format for test file 1
No file output or incorrect output format for test file 2
No file output or incorrect output format for test file 3
"
"p35799ap
",1,1,0,"Correct checking for file 1
Correct checking for file 2
Incorrect checking for file 3
"
"q50676ep
",0,0,0,"No file output or incorrect output format for test file 1
No file output or incorrect output format for test file 2
No file output or incorrect output format for test file 3
"
"v35417sp
",1,1,0,"Correct checking for file 1
Correct checking for file 2
Incorrect checking for file 3
"
"z80559hq
",0,0,0,"No file output or incorrect output format for test file 1
No file output or incorrect output format for test file 2
No file output or incorrect output format for test file 3
"
"h50141yq
",0,0,0,"No file output or incorrect output format for test file 1
No file output or incorrect output format for test file 2
No file output or incorrect output format for test file 3
"
"f38903hq
",0,0,0,"No file output or incorrect output format for test file 1
No file output or incorrect output format for test file 2
No file output or incorrect output format for test file 3
"
"p44469aq
",0,0,0,"No file output or incorrect output format for test file 1
No file output or incorrect output format for test file 2
No file output or incorrect output format for test file 3
"
"v63881oq
",1,1,0,"Correct checking for file 1
Correct checking for file 2
Incorrect checking for file 3
"
"g77134dr
",0,0,0,"No file output or incorrect output format for test file 1
No file output or incorrect output format for test file 2
No file output or incorrect output format for test file 3
"
"x83363dr
",0,0,0,"No file output or incorrect output format for test file 1
No file output or incorrect output format for test file 2
No file output or incorrect output format for test file 3
"
"j11865sr
",0,0,0,"No file output or incorrect output format for test file 1
No file output or incorrect output format for test file 2
No file output or incorrect output format for test file 3
"
"x62967rr
",1,1,1,"Correct checking for file 1
Correct checking for file 2
Correct checking for file 3
"
"u63378mr
",0,0,0,"No file output or incorrect output format for test file 1
No file output or incorrect output format for test file 2
No file output or incorrect output format for test file 3
"
"u43534sr
",0,0,0,"No file output or incorrect output format for test file 1
No file output or incorrect output format for test file 2
No file output or incorrect output format for test file 3
"
"k63434dr
",0,0,0,"No file output or incorrect output format for test file 1
No file output or incorrect output format for test file 2
No file output or incorrect output format for test file 3
"
"f98689dr
",1,1,1,"Correct checking for file 1
Correct checking for file 2
Correct checking for file 3
"
"j06597jr
",0,0,0,"No file output or incorrect output format for test file 1
No file output or incorrect output format for test file 2
No file output or incorrect output format for test file 3
"
"u81076nr
",0,0,0,"No file output or incorrect output format for test file 1
No file output or incorrect output format for test file 2
No file output or incorrect output format for test file 3
"
"t92001cr
",0,0,0,"No file output or incorrect output format for test file 1
No file output or incorrect output format for test file 2
No file output or incorrect output format for test file 3
"
"e99236vr
",0,0,0,"No file output or incorrect output format for test file 1
No file output or incorrect output format for test file 2
No file output or incorrect output format for test file 3
"
"t02231ss
",0,0,0,"No file output or incorrect output format for test file 1
No file output or incorrect output format for test file 2
No file output or incorrect output format for test file 3
"
"e18770as
",0,0,0,"Incorrect checking for file 1
Incorrect checking for file 2
Incorrect checking for file 3
"
"s62508as
",0,0,0,"No file output or incorrect output format for test file 1
No file output or incorrect output format for test file 2
No file output or incorrect output format for test file 3
"
"v21023jh
",1,1,0,"Correct checking for file 1
Correct checking for file 2
Incorrect checking for file 3
"
"h64411rs
",1,0,0,"Correct checking for file 1
Incorrect checking for file 2
Incorrect checking for file 3
"
"x81829rs
",0,0,0,"No file output or incorrect output format for test file 1
No file output or incorrect output format for test file 2
No file output or incorrect output format for test file 3
"
"v26161ns
",1,1,0,"Correct checking for file 1
Correct checking for file 2
Incorrect checking for file 3
"
"m78355ls
",1,1,0,"Correct checking for file 1
Correct checking for file 2
Incorrect checking for file 3
"
"y65306ws
",0,0,0,"No file output or incorrect output format for test file 1
No file output or incorrect output format for test file 2
No file output or incorrect output format for test file 3
"
"e40896us
",0,0,0,"No file output or incorrect output format for test file 1
No file output or incorrect output format for test file 2
No file output or incorrect output format for test file 3
"
"g75342ms
",0,0,0,"No file output or incorrect output format for test file 1
No file output or incorrect output format for test file 2
No file output or incorrect output format for test file 3
"
"z70503ns
",0,0,0,"No file output or incorrect output format for test file 1
No file output or incorrect output format for test file 2
No file output or incorrect output format for test file 3
"
"a86442gs
",0,0,0,"No file output or incorrect output format for test file 1
No file output or incorrect output format for test file 2
No file output or incorrect output format for test file 3
"
"m43369as
",0,0,0,"No file output or incorrect output format for test file 1
No file output or incorrect output format for test file 2
No file output or incorrect output format for test file 3
"
"j17768ms
",1,1,0,"Correct checking for file 1
Correct checking for file 2
Incorrect checking for file 3
"
"h25471ds
",1,1,0,"Correct checking for file 1
Correct checking for file 2
Incorrect checking for file 3
"
"f66089ms
",0,0,0,"No file output or incorrect output format for test file 1
No file output or incorrect output format for test file 2
Incorrect checking for file 3
"
"j54137ss
",1,1,0,"Correct checking for file 1
Correct checking for file 2
Incorrect checking for file 3
"
"k01756ws
",1,1,0,"Correct checking for file 1
Correct checking for file 2
Incorrect checking for file 3
"
"v96969ss
",0,0,0,"No file output or incorrect output format for test file 1
No file output or incorrect output format for test file 2
No file output or incorrect output format for test file 3
"
"m73289ls
",0,0,0,"No file output or incorrect output format for test file 1
No file output or incorrect output format for test file 2
No file output or incorrect output format for test file 3
"
"b89545ss
",0,0,1,"No file output or incorrect output format for test file 1
No file output or incorrect output format for test file 2
Correct checking for file 3
"
"x57595ts
",0,0,0,"No file output or incorrect output format for test file 1
No file output or incorrect output format for test file 2
No file output or incorrect output format for test file 3
"
"e41206gs
",1,1,0,"Correct checking for file 1
Correct checking for file 2
Incorrect checking for file 3
"
"m83653ns
",0,1,0,"Incorrect checking for file 1
Correct checking for file 2
Incorrect checking for file 3
"
"z54873hs
",1,0,0,"Correct checking for file 1
Incorrect checking for file 2
Incorrect checking for file 3
"
"y47496ms
",1,1,0,"Correct checking for file 1
Correct checking for file 2
Incorrect checking for file 3
"
"b98919gs
",1,1,0,"Correct checking for file 1
Correct checking for file 2
Incorrect checking for file 3
"
"q08386js
",1,1,0,"Correct checking for file 1
Correct checking for file 2
Incorrect checking for file 3
"
"y48052as
",0,0,0,"No file output or incorrect output format for test file 1
No file output or incorrect output format for test file 2
No file output or incorrect output format for test file 3
"
"y44780cs
",0,0,0,"No file output or incorrect output format for test file 1
No file output or incorrect output format for test file 2
No file output or incorrect output format for test file 3
"
"q16332rs
",0,0,0,"No file output or incorrect output format for test file 1
No file output or incorrect output format for test file 2
No file output or incorrect output format for test file 3
"
"w27888ms
",1,1,0,"Correct checking for file 1
Correct checking for file 2
Incorrect checking for file 3
"
"p73848hs
",0,0,0,"No file output or incorrect output format for test file 1
No file output or incorrect output format for test file 2
No file output or incorrect output format for test file 3
"
"j91917bs
",1,1,0,"Correct checking for file 1
Correct checking for file 2
Incorrect checking for file 3
"
"g62520js
",1,1,0,"Correct checking for file 1
Correct checking for file 2
Incorrect checking for file 3
"
"w13634ps
",1,1,0,"Correct checking for file 1
Correct checking for file 2
Incorrect checking for file 3
"
"x47813as
",0,0,0,"No file output or incorrect output format for test file 1
No file output or incorrect output format for test file 2
Incorrect checking for file 3
"
"f18903ls
",1,1,0,"Correct checking for file 1
Correct checking for file 2
Incorrect checking for file 3
"
"f57695ks
",1,1,0,"Correct checking for file 1
Correct checking for file 2
Incorrect checking for file 3
"
"q02710ts
",0,0,0,"No file output or incorrect output format for test file 1
No file output or incorrect output format for test file 2
No file output or incorrect output format for test file 3
"
"u54258as
",0,0,0,"No file output or incorrect output format for test file 1
No file output or incorrect output format for test file 2
No file output or incorrect output format for test file 3
"
"r94627as
",1,1,1,"Correct checking for file 1
Correct checking for file 2
Correct checking for file 3
"
"d02513ms
",1,1,0,"Correct checking for file 1
Correct checking for file 2
Incorrect checking for file 3
"
"v97159is
",0,0,0,"No file output or incorrect output format for test file 1
No file output or incorrect output format for test file 2
No file output or incorrect output format for test file 3
"
"y57776rs
",1,1,0,"Correct checking for file 1
Correct checking for file 2
Incorrect checking for file 3
"
"y55496ks
",0,0,0,"No file output or incorrect output format for test file 1
No file output or incorrect output format for test file 2
No file output or incorrect output format for test file 3
"
"p94886ms
",0,0,0,"No file output or incorrect output format for test file 1
No file output or incorrect output format for test file 2
No file output or incorrect output format for test file 3
"
"a81060bs
",0,0,0,"No file output or incorrect output format for test file 1
No file output or incorrect output format for test file 2
No file output or incorrect output format for test file 3
"
"e35918rs
",1,1,0,"Correct checking for file 1
Correct checking for file 2
Incorrect checking for file 3
"
"x97151hs
",0,0,0,"No file output or incorrect output format for test file 1
No file output or incorrect output format for test file 2
No file output or incorrect output format for test file 3
"
"r82969js
",1,1,1,"Correct checking for file 1
Correct checking for file 2
Correct checking for file 3
"
"k38730rs
",0,0,0,"No file output or incorrect output format for test file 1
No file output or incorrect output format for test file 2
No file output or incorrect output format for test file 3
"
"s56124at
",1,1,0,"Correct checking for file 1
Correct checking for file 2
Incorrect checking for file 3
"
"p40515mt
",1,1,0,"Correct checking for file 1
Correct checking for file 2
Incorrect checking for file 3
"
"c38534kt
",0,0,0,"No file output or incorrect output format for test file 1
No file output or incorrect output format for test file 2
No file output or incorrect output format for test file 3
"
"y10240dt
",1,1,0,"Correct checking for file 1
Correct checking for file 2
Incorrect checking for file 3
"
"b87145mt
",0,0,0,"No file output or incorrect output format for test file 1
No file output or incorrect output format for test file 2
No file output or incorrect output format for test file 3
"
"g28708at
",0,0,0,"No file output or incorrect output format for test file 1
No file output or incorrect output format for test file 2
No file output or incorrect output format for test file 3
"
"e54842zt
",0,0,0,"No file output or incorrect output format for test file 1
No file output or incorrect output format for test file 2
No file output or incorrect output format for test file 3
"
"u49728rt
",1,1,0,"Correct checking for file 1
Correct checking for file 2
Incorrect checking for file 3
"
"s65422mt
",1,1,0,"Correct checking for file 1
Correct checking for file 2
Incorrect checking for file 3
"
"c62354yt
",1,1,1,"Correct checking for file 1
Correct checking for file 2
Correct checking for file 3
"
"y60150st
",0,0,0,"No file output or incorrect output format for test file 1
No file output or incorrect output format for test file 2
No file output or incorrect output format for test file 3
"
"d03963st
",1,1,0,"Correct checking for file 1
Correct checking for file 2
Incorrect checking for file 3
"
"k71182kt
",1,1,0,"Correct checking for file 1
Correct checking for file 2
Incorrect checking for file 3
"
"p17128xt
",1,1,1,"Correct checking for file 1
Correct checking for file 2
Correct checking for file 3
"
"r46739lt
",1,1,0,"Correct checking for file 1
Correct checking for file 2
Incorrect checking for file 3
"
"j13909ht
",0,0,0,"No file output or incorrect output format for test file 1
No file output or incorrect output format for test file 2
No file output or incorrect output format for test file 3
"
"w90012gt
",1,0,0,"Correct checking for file 1
Incorrect checking for file 2
Incorrect checking for file 3
"
"x28381ot
",0,0,0,"No file output or incorrect output format for test file 1
No file output or incorrect output format for test file 2
No file output or incorrect output format for test file 3
"
"c43480ct
",0,1,0,"Incorrect checking for file 1
Correct checking for file 2
Incorrect checking for file 3
"
"y67506st
",0,0,0,"No file output or incorrect output format for test file 1
No file output or incorrect output format for test file 2
No file output or incorrect output format for test file 3
"
"j24834et
",1,0,1,"Correct checking for file 1
Incorrect checking for file 2
Correct checking for file 3
"
"p34378lt
",1,1,0,"Correct checking for file 1
Correct checking for file 2
Incorrect checking for file 3
"
"e58068tt
",0,0,0,"No file output or incorrect output format for test file 1
No file output or incorrect output format for test file 2
No file output or incorrect output format for test file 3
"
"e58690mu
",1,0,0,"Correct checking for file 1
Incorrect checking for file 2
Incorrect checking for file 3
"
"c70846fu
",0,0,0,"No file output or incorrect output format for test file 1
No file output or incorrect output format for test file 2
No file output or incorrect output format for test file 3
"
"n54133hu
",1,1,0,"Correct checking for file 1
Correct checking for file 2
Incorrect checking for file 3
"
"p62312tu
",0,0,0,"No file output or incorrect output format for test file 1
No file output or incorrect output format for test file 2
No file output or incorrect output format for test file 3
"
"w39362nv
",0,0,0,"No file output or incorrect output format for test file 1
No file output or incorrect output format for test file 2
No file output or incorrect output format for test file 3
"
"m31234gv
",0,0,0,"No file output or incorrect output format for test file 1
No file output or incorrect output format for test file 2
No file output or incorrect output format for test file 3
"
"j94732av
",0,0,0,"No file output or incorrect output format for test file 1
No file output or incorrect output format for test file 2
No file output or incorrect output format for test file 3
"
"h76117sv
",0,0,0,"No file output or incorrect output format for test file 1
No file output or incorrect output format for test file 2
No file output or incorrect output format for test file 3
"
"h78811cv
",1,1,0,"Correct checking for file 1
Correct checking for file 2
Incorrect checking for file 3
"
"b63095jv
",0,0,0,"No file output or incorrect output format for test file 1
No file output or incorrect output format for test file 2
No file output or incorrect output format for test file 3
"
"z13325aw
",1,1,0,"Correct checking for file 1
Correct checking for file 2
Incorrect checking for file 3
"
"x48913aw
",1,1,0,"Correct checking for file 1
Correct checking for file 2
Incorrect checking for file 3
"
"g75462fw
",1,1,0,"Correct checking for file 1
Correct checking for file 2
Incorrect checking for file 3
"
"f85709jw
",1,1,1,"Correct checking for file 1
Correct checking for file 2
Correct checking for file 3
"
"t09329lw
",1,1,0,"Correct checking for file 1
Correct checking for file 2
Incorrect checking for file 3
"
"n91131bw
",0,0,0,"No file output or incorrect output format for test file 1
No file output or incorrect output format for test file 2
No file output or incorrect output format for test file 3
"
"m56135cw
",1,1,0,"Correct checking for file 1
Correct checking for file 2
Incorrect checking for file 3
"
"h48741ew
",1,1,0,"Correct checking for file 1
Correct checking for file 2
Incorrect checking for file 3
"
"x67955hw
",0,0,0,"No file output or incorrect output format for test file 1
No file output or incorrect output format for test file 2
No file output or incorrect output format for test file 3
"
"m60493kw
",1,1,0,"Correct checking for file 1
Correct checking for file 2
Incorrect checking for file 3
"
"g91274qw
",1,1,0,"Correct checking for file 1
Correct checking for file 2
Incorrect checking for file 3
"
"x72017ww
",0,0,0,"No file output or incorrect output format for test file 1
No file output or incorrect output format for test file 2
No file output or incorrect output format for test file 3
"
"h85345ww
",0,0,0,"No file output or incorrect output format for test file 1
No file output or incorrect output format for test file 2
No file output or incorrect output format for test file 3
"
"v74211xw
",0,0,0,"No file output or incorrect output format for test file 1
No file output or incorrect output format for test file 2
No file output or incorrect output format for test file 3
"
"f60163yw
",0,0,0,"Incorrect checking for file 1
Incorrect checking for file 2
Incorrect checking for file 3
"
"q83438yw
",1,1,0,"Correct checking for file 1
Correct checking for file 2
Incorrect checking for file 3
"
"j98107zw
",0,0,0,"No file output or incorrect output format for test file 1
No file output or incorrect output format for test file 2
No file output or incorrect output format for test file 3
"
"d95341zw
",1,1,0,"Correct checking for file 1
Correct checking for file 2
Incorrect checking for file 3
"
"e31258zw
",0,0,0,"No file output or incorrect output format for test file 1
No file output or incorrect output format for test file 2
No file output or incorrect output format for test file 3
"
"n20851ew
",0,0,0,"No file output or incorrect output format for test file 1
No file output or incorrect output format for test file 2
No file output or incorrect output format for test file 3
"
"n35081bw
",0,0,0,"No file output or incorrect output format for test file 1
No file output or incorrect output format for test file 2
No file output or incorrect output format for test file 3
"
"w92704dw
",1,1,0,"Correct checking for file 1
Correct checking for file 2
Incorrect checking for file 3
"
"r27125bw
",0,0,0,"Incorrect checking for file 1
Incorrect checking for file 2
Incorrect checking for file 3
"
"y35654gw
",1,1,0,"Correct checking for file 1
Correct checking for file 2
Incorrect checking for file 3
"
"p17498jw
",1,1,0,"Correct checking for file 1
Correct checking for file 2
Incorrect checking for file 3
"
"y28244lw
",1,1,0,"Correct checking for file 1
Correct checking for file 2
Incorrect checking for file 3
"
"u24264cw
",1,1,0,"Correct checking for file 1
Correct checking for file 2
Incorrect checking for file 3
"
"p96457dw
",0,0,0,"No file output or incorrect output format for test file 1
No file output or incorrect output format for test file 2
No file output or incorrect output format for test file 3
"
"q36172hw
",0,0,0,"No file output or incorrect output format for test file 1
No file output or incorrect output format for test file 2
No file output or incorrect output format for test file 3
"
"v08417jw
",0,0,0,"No file output or incorrect output format for test file 1
No file output or incorrect output format for test file 2
No file output or incorrect output format for test file 3
"
"g62512ww
",1,1,0,"Correct checking for file 1
Correct checking for file 2
Incorrect checking for file 3
"
"v54835xw
",0,0,0,"No file output or incorrect output format for test file 1
No file output or incorrect output format for test file 2
No file output or incorrect output format for test file 3
"
"a38752yw
",1,1,1,"Correct checking for file 1
Correct checking for file 2
Correct checking for file 3
"
"t17981qx
",1,1,0,"Correct checking for file 1
Correct checking for file 2
Incorrect checking for file 3
"
"j72446cx
",0,0,0,"No file output or incorrect output format for test file 1
No file output or incorrect output format for test file 2
No file output or incorrect output format for test file 3
"
"v08387yx
",1,1,0,"Correct checking for file 1
Correct checking for file 2
Incorrect checking for file 3
"
"p00331rx
",0,0,0,"No file output or incorrect output format for test file 1
No file output or incorrect output format for test file 2
No file output or incorrect output format for test file 3
"
"c29038sx
",1,1,0,"Correct checking for file 1
Correct checking for file 2
Incorrect checking for file 3
"
"x69739wx
",0,0,0,"No file output or incorrect output format for test file 1
No file output or incorrect output format for test file 2
No file output or incorrect output format for test file 3
"
"f53919qy
",0,0,0,"No file output or incorrect output format for test file 1
No file output or incorrect output format for test file 2
No file output or incorrect output format for test file 3
"
"q66122my
",0,0,0,"No file output or incorrect output format for test file 1
No file output or incorrect output format for test file 2
No file output or incorrect output format for test file 3
"
"j29403qy
",0,0,0,"No file output or incorrect output format for test file 1
No file output or incorrect output format for test file 2
No file output or incorrect output format for test file 3
"
"v35117sy
",0,0,0,"Incorrect checking for file 1
Incorrect checking for file 2
Incorrect checking for file 3
"
"z03463sy
",0,0,0,"No file output or incorrect output format for test file 1
No file output or incorrect output format for test file 2
No file output or incorrect output format for test file 3
"
"s94292yy
",0,0,0,"No file output or incorrect output format for test file 1
No file output or incorrect output format for test file 2
No file output or incorrect output format for test file 3
"
"p33067ay
",0,0,0,"No file output or incorrect output format for test file 1
No file output or incorrect output format for test file 2
No file output or incorrect output format for test file 3
"
"d88719ry
",0,0,0,"No file output or incorrect output format for test file 1
No file output or incorrect output format for test file 2
No file output or incorrect output format for test file 3
"
"s86124sy
",0,0,0,"No file output or incorrect output format for test file 1
No file output or incorrect output format for test file 2
No file output or incorrect output format for test file 3
"
"s50172ey
",0,0,0,"No file output or incorrect output format for test file 1
No file output or incorrect output format for test file 2
No file output or incorrect output format for test file 3
"
"v79907sy
",0,0,0,"No file output or incorrect output format for test file 1
No file output or incorrect output format for test file 2
No file output or incorrect output format for test file 3
"
"g58440zy
",1,1,0,"Correct checking for file 1
Correct checking for file 2
Incorrect checking for file 3
"
"f11711jy
",0,0,0,"No file output or incorrect output format for test file 1
No file output or incorrect output format for test file 2
No file output or incorrect output format for test file 3
"
"h39449sy
",0,0,0,"No file output or incorrect output format for test file 1
No file output or incorrect output format for test file 2
No file output or incorrect output format for test file 3
"
"p61761ay
",0,0,0,"No file output or incorrect output format for test file 1
No file output or incorrect output format for test file 2
No file output or incorrect output format for test file 3
"
"h72507by
",0,0,0,"No file output or incorrect output format for test file 1
No file output or incorrect output format for test file 2
No file output or incorrect output format for test file 3
"
"d07769jy
",1,1,1,"Correct checking for file 1
Correct checking for file 2
Correct checking for file 3
"
"m09857ly
",1,1,1,"Correct checking for file 1
Correct checking for file 2
Correct checking for file 3
"
"p99614sy
",0,0,0,"No file output or incorrect output format for test file 1
No file output or incorrect output format for test file 2
No file output or incorrect output format for test file 3
"
"n96249ty
",1,1,0,"Correct checking for file 1
Correct checking for file 2
Incorrect checking for file 3
"
"z53195cy
",0,0,0,"No file output or incorrect output format for test file 1
No file output or incorrect output format for test file 2
No file output or incorrect output format for test file 3
"
"v94579az
",1,1,0,"Correct checking for file 1
Correct checking for file 2
Incorrect checking for file 3
"
"b16225mz
",1,1,1,"Correct checking for file 1
Correct checking for file 2
Correct checking for file 3
"
"f77541nz
",1,1,0,"Correct checking for file 1
Correct checking for file 2
Incorrect checking for file 3
"
"m46757sz
",1,1,1,"Correct checking for file 1
Correct checking for file 2
Correct checking for file 3
"
"t28063tz
",1,1,0,"Correct checking for file 1
Correct checking for file 2
Incorrect checking for file 3
"
"p76722cz
",0,0,0,"No file output or incorrect output format for test file 1
No file output or incorrect output format for test file 2
No file output or incorrect output format for test file 3
"
"j20384jz
",0,0,0,"No file output or incorrect output format for test file 1
No file output or incorrect output format for test file 2
No file output or incorrect output format for test file 3
"
"s78866kz
",0,0,0,"No file output or incorrect output format for test file 1
No file output or incorrect output format for test file 2
No file output or incorrect output format for test file 3
"
"m26025tz
",1,1,0,"Correct checking for file 1
Correct checking for file 2
Incorrect checking for file 3
"
"r42421yz
",0,0,0,"No file output or incorrect output format for test file 1
No file output or incorrect output format for test file 2
No file output or incorrect output format for test file 3
"
"n20773yz
",1,1,1,"Correct checking for file 1
Correct checking for file 2
Correct checking for file 3
"
"u71922pz
",0,0,0,"No file output or incorrect output format for test file 1
No file output or incorrect output format for test file 2
No file output or incorrect output format for test file 3
"
"g60486zz
",1,1,1,"Correct checking for file 1
Correct checking for file 2
Correct checking for file 3
"
"b03791zc
",0,0,0,"No file output or incorrect output format for test file 1
No file output or incorrect output format for test file 2
No file output or incorrect output format for test file 3
"
"g92198jz
",1,1,1,"Correct checking for file 1
Correct checking for file 2
Correct checking for file 3
"
"m36036zz
",0,0,0,"Incorrect checking for file 1
Incorrect checking for file 2
Incorrect checking for file 3
"
"c74752hz
",1,1,1,"Correct checking for file 1
Correct checking for file 2
Correct checking for file 3
"
"u50490yz
",0,0,0,"No file output or incorrect output format for test file 1
No file output or incorrect output format for test file 2
No file output or incorrect output format for test file 3
"
k25612yz,1,1,1,"Correct checking for file 1
Correct checking for file 2
Correct checking for file 3
"
